chembl_id,smiles,pchembl,n_measurements,pchembl_spread,active
CHEMBL5409558,CC(C)C1CN(C(=O)c2ccc(C(=O)N3C[C@@H](C(=O)N[C@H]4C[C@@H]4c4ccccc4)[C@H](C(=O)N[C@H]4C[C@@H]4c4ccccc4)C3)cc2)CC1C(=O)N[C@H]1C[C@@H]1c1ccccc1,6.15,1,0.0,1
CHEMBL5437599,CC(C)CC1CN(C(=O)c2ccc(C(=O)N3C[C@@H](C(=O)N[C@H]4C[C@@H]4c4ccccc4)[C@H](C(=O)N[C@H]4C[C@@H]4c4ccccc4)C3)cc2)CC1C(=O)N[C@H]1C[C@@H]1c1ccccc1,6.54,1,0.0,1
CHEMBL5078772,CC(C)COC(=O)c1c(NC(=S)Nc2cccc3ccccc23)sc2c1CCC2,4.55,1,0.0,0
CHEMBL5087088,CC(C)COC(=O)c1c(NC(=S)Nc2cccc3ccccc23)sc2c1CCCC2,4.52,1,0.0,0
CHEMBL4468048,CC(C)OC(=O)c1c(NC(=O)N2CCN(C)CC2)sc2c1CCC2,5.34,1,0.0,1
CHEMBL4473216,CC(C)OC(=O)c1c(NC(=S)N2CCN(C)CC2)sc2c1CCC2,4.79,1,0.0,0
CHEMBL4446272,CC(C)OC(=O)c1c(NC(=S)N2CCN(C)CC2)sc2c1CCCC2,4.34,1,0.0,0
CHEMBL5092787,CC(C)OC(=O)c1c(NC(=S)Nc2ccc(Br)c3ccccc23)sc2c1CCC2,7.41,1,0.0,1
CHEMBL5084309,CC(C)OC(=O)c1c(NC(=S)Nc2ccc(Br)c3ccccc23)sc2c1CCCC2,7.32,1,0.0,1
CHEMBL5088133,CC(C)OC(=O)c1c(NC(=S)Nc2ccc(F)c3ccccc23)sc2c1CCCC2,7.46,1,0.0,1
CHEMBL5081498,CC(C)OC(=O)c1c(NC(=S)Nc2cccc3ccccc23)sc2c1CCC2,6.75,1,0.0,1
CHEMBL5075033,CC(C)OC(=O)c1c(NC(=S)Nc2cccc3ccccc23)sc2c1CCCC2,6.85,1,0.0,1
CHEMBL5087765,CC(C)OC(=O)c1c(NC(=S)Nc2cccc3ccccc23)sc2c1CCCCC2,5.65,1,0.0,1
CHEMBL1923538,CC/C=C\C/C=C\C/C=C\CCCCCCCC(=O)OC[C@H](CSC[C@H](N)C(=O)NCC(=O)OC(C)C)OC(=O)CCCCCCC/C=C\C/C=C\C/C=C\CC,9.06,1,0.0,1
CHEMBL5074635,CC1CCc2c(sc(NC(=S)Nc3cccc4ccccc34)c2C(=O)OC(C)C)C1,5.77,1,0.0,1
CHEMBL4464681,CC1CCc2cc(F)cc3c(O)c(C(=O)NC4CCc5ncccc54)c(=O)n1c23,5.52,1,0.0,1
CHEMBL4514785,CC1CCc2cc(F)cc3c(O)c(C(=O)NCCc4cccnc4)c(=O)n1c23,5.800000000000001,2,0.14,1
CHEMBL4465403,CC1CCc2cc(F)cc3c(O)c(C(=O)NCc4ccc(Cl)nc4)c(=O)n1c23,5.3,1,0.0,1
CHEMBL4469379,CC1CCc2cc(F)cc3c(O)c(C(=O)NCc4ccc(N)nc4)c(=O)n1c23,5.8100000000000005,2,1.38,1
CHEMBL4443960,CC1CCc2cc(F)cc3c(O)c(C(=O)NCc4cccnc4)c(=O)n1c23,6.52,3,0.65,1
CHEMBL4436542,CC1CCc2cc(F)cc3c(O)c(C(=O)NCc4cccnc4N(C)C)c(=O)n1c23,5.505,2,0.01,1
CHEMBL4522351,CC1CCc2cc(F)cc3c(O)c(C(=O)NCc4cncc(F)c4)c(=O)n1c23,5.67,2,0.66,1
CHEMBL5412350,CC1CN(C(=O)c2ccc(C(=O)N3C[C@@H](C(=O)N[C@H]4C[C@@H]4c4ccccc4)[C@H](C(=O)N[C@H]4C[C@@H]4c4ccccc4)C3)cc2)CC1C(=O)N[C@H]1C[C@@H]1c1ccccc1,6.16,1,0.0,1
CHEMBL5421254,CCC1CN(C(=O)c2ccc(C(=O)N3C[C@@H](C(=O)N[C@H]4C[C@@H]4c4ccccc4)[C@H](C(=O)N[C@H]4C[C@@H]4c4ccccc4)C3)cc2)CC1C(=O)N[C@H]1C[C@@H]1c1ccccc1,6.29,1,0.0,1
CHEMBL5408351,CCCC1CN(C(=O)c2ccc(C(=O)N3C[C@@H](C(=O)N[C@H]4C[C@@H]4c4ccccc4)[C@H](C(=O)N[C@H]4C[C@@H]4c4ccccc4)C3)cc2)CC1C(=O)N[C@H]1C[C@@H]1c1ccccc1,6.97,1,0.0,1
CHEMBL1923537,CCCCC/C=C\C/C=C\CCCCCCCC(=O)OC[C@H](CSC[C@H](N)C(=O)NCC(=O)OC(C)C)OC(=O)CCCCCCC/C=C\C/C=C\CCCCC,9.0,1,0.0,1
CHEMBL5436471,CCCCC1CN(C(=O)c2ccc(C(=O)N3CC(CCCC)[C@H](C(=O)N[C@H]4C[C@@H]4c4ccccc4)C3)cc2)CC1C(=O)N[C@H]1C[C@@H]1c1ccccc1,5.82,1,0.0,1
CHEMBL5425244,CCCCC1CN(C(=O)c2ccc(C(=O)N3C[C@@H](C(=O)N[C@H]4C[C@@H]4c4ccccc4)[C@H](C(=O)N[C@H]4C[C@@H]4c4ccccc4)C3)cc2)CC1C(=O)N[C@H]1C[C@@H]1c1ccccc1,7.43,1,0.0,1
CHEMBL5268819,CCCCCCCC(=O)OC[C@H](CSC[C@@H](N)C(=O)NCCOCCOCCOCCP(=O)(O)O)OC(=O)CCCCCCC,5.52,2,0.0,1
CHEMBL5272586,CCCCCCCCCC(=O)OC[C@H](CSC[C@@H](N)C(=O)NCCOCCOCCOCCP(=O)(O)O)OC(=O)CCCCCCCCC,5.84,2,0.0,1
CHEMBL5282436,CCCCCCCCCCCC(=O)OC[C@H](CSC[C@@H](N)C(=O)NC(C)(C)CO)OC(=O)CCCCCCCCCCC,4.81,1,0.0,0
CHEMBL5289199,CCCCCCCCCCCC(=O)OC[C@H](CSC[C@@H](N)C(=O)NC(C)CCC(C)C)OC(=O)CCCCCCCCCCC,6.72,1,0.0,1
CHEMBL5291210,CCCCCCCCCCCC(=O)OC[C@H](CSC[C@@H](N)C(=O)NC(C)CCN(CC)CC)OC(=O)CCCCCCCCCCC,6.59,1,0.0,1
CHEMBL5277886,CCCCCCCCCCCC(=O)OC[C@H](CSC[C@@H](N)C(=O)NC(C)CCc1ccccc1)OC(=O)CCCCCCCCCCC,6.8,1,0.0,1
CHEMBL5284241,CCCCCCCCCCCC(=O)OC[C@H](CSC[C@@H](N)C(=O)NC(C)c1ccc(O)cc1)OC(=O)CCCCCCCCCCC,5.54,1,0.0,1
CHEMBL5270949,CCCCCCCCCCCC(=O)OC[C@H](CSC[C@@H](N)C(=O)NC(C)c1ccccc1)OC(=O)CCCCCCCCCCC,5.0,1,0.0,1
CHEMBL5267321,CCCCCCCCCCCC(=O)OC[C@H](CSC[C@@H](N)C(=O)NC(CC)COC)OC(=O)CCCCCCCCCCC,7.14,1,0.0,1
CHEMBL5288716,CCCCCCCCCCCC(=O)OC[C@H](CSC[C@@H](N)C(=O)NC(Cc1ccccc1)c1ccccc1)OC(=O)CCCCCCCCCCC,7.17,1,0.0,1
CHEMBL5285404,CCCCCCCCCCCC(=O)OC[C@H](CSC[C@@H](N)C(=O)NC1(CO)CC1)OC(=O)CCCCCCCCCCC,6.58,1,0.0,1
CHEMBL5282681,CCCCCCCCCCCC(=O)OC[C@H](CSC[C@@H](N)C(=O)NC1(COCCCP(=O)(O)O)CC1)OC(=O)CCCCCCCCCCC,6.78,1,0.0,1
CHEMBL5277225,CCCCCCCCCCCC(=O)OC[C@H](CSC[C@@H](N)C(=O)NCC(C)c1ccccc1)OC(=O)CCCCCCCCCCC,6.09,1,0.0,1
CHEMBL5270948,CCCCCCCCCCCC(=O)OC[C@H](CSC[C@@H](N)C(=O)NCCCC(C)(C)CO)OC(=O)CCCCCCCCCCC,4.51,1,0.0,0
CHEMBL5281185,CCCCCCCCCCCC(=O)OC[C@H](CSC[C@@H](N)C(=O)NCCCC(F)(F)P(=O)(O)O)OC(=O)CCCCCCCCCCC,6.6,1,0.0,1
CHEMBL5269856,CCCCCCCCCCCC(=O)OC[C@H](CSC[C@@H](N)C(=O)NCCCCCC(=O)O)OC(=O)CCCCCCCCCCC,6.97,1,0.0,1
CHEMBL5271371,CCCCCCCCCCCC(=O)OC[C@H](CSC[C@@H](N)C(=O)NCCCCCCCCCC(=O)O)OC(=O)CCCCCCCCCCC,5.36,1,0.0,1
CHEMBL5278761,CCCCCCCCCCCC(=O)OC[C@H](CSC[C@@H](N)C(=O)NCCCCCCN)OC(=O)CCCCCCCCCCC,5.91,1,0.0,1
CHEMBL5291186,CCCCCCCCCCCC(=O)OC[C@H](CSC[C@@H](N)C(=O)NCCCCCCO)OC(=O)CCCCCCCCCCC,7.48,1,0.0,1
CHEMBL5291447,CCCCCCCCCCCC(=O)OC[C@H](CSC[C@@H](N)C(=O)NCCCCCN)OC(=O)CCCCCCCCCCC,5.91,1,0.0,1
CHEMBL5286048,CCCCCCCCCCCC(=O)OC[C@H](CSC[C@@H](N)C(=O)NCCCCN)OC(=O)CCCCCCCCCCC,5.98,1,0.0,1
CHEMBL5278491,CCCCCCCCCCCC(=O)OC[C@H](CSC[C@@H](N)C(=O)NCCCN)OC(=O)CCCCCCCCCCC,5.71,1,0.0,1
CHEMBL5287385,CCCCCCCCCCCC(=O)OC[C@H](CSC[C@@H](N)C(=O)NCCCOCCCCOCCCCN)OC(=O)CCCCCCCCCCC,6.09,1,0.0,1
CHEMBL5290185,CCCCCCCCCCCC(=O)OC[C@H](CSC[C@@H](N)C(=O)NCCCOCCOCCOCCCN)OC(=O)CCCCCCCCCCC,6.3,1,0.0,1
CHEMBL5280631,CCCCCCCCCCCC(=O)OC[C@H](CSC[C@@H](N)C(=O)NCCCOCCOCCOCCCNC(=O)C(N)CS)OC(=O)CCCCCCCCCCC,6.61,1,0.0,1
CHEMBL5272662,CCCCCCCCCCCC(=O)OC[C@H](CSC[C@@H](N)C(=O)NCCCP(=O)(O)O)OC(=O)CCCCCCCCCCC,6.36,1,0.0,1
CHEMBL5284838,CCCCCCCCCCCC(=O)OC[C@H](CSC[C@@H](N)C(=O)NCCCS(=O)(=O)O)OC(=O)CCCCCCCCCCC,5.25,1,0.0,1
CHEMBL5272378,CCCCCCCCCCCC(=O)OC[C@H](CSC[C@@H](N)C(=O)NCCCn1ccnc1)OC(=O)CCCCCCCCCCC,6.39,1,0.0,1
CHEMBL5272352,CCCCCCCCCCCC(=O)OC[C@H](CSC[C@@H](N)C(=O)NCCN)OC(=O)CCCCCCCCCCC,5.28,1,0.0,1
CHEMBL5279059,CCCCCCCCCCCC(=O)OC[C@H](CSC[C@@H](N)C(=O)NCCN1CCOCC1)OC(=O)CCCCCCCCCCC,6.15,1,0.0,1
CHEMBL5285339,CCCCCCCCCCCC(=O)OC[C@H](CSC[C@@H](N)C(=O)NCCO)OC(=O)CCCCCCCCCCC,7.62,1,0.0,1
CHEMBL5283567,CCCCCCCCCCCC(=O)OC[C@H](CSC[C@@H](N)C(=O)NCCOCCC(F)(F)P(=O)(O)O)OC(=O)CCCCCCCCCCC,7.85,1,0.0,1
CHEMBL5265980,CCCCCCCCCCCC(=O)OC[C@H](CSC[C@@H](N)C(=O)NCCOCCOCCC(F)(F)P(=O)(O)O)OC(=O)CCCCCCCCCCC,7.51,1,0.0,1
CHEMBL5278914,CCCCCCCCCCCC(=O)OC[C@H](CSC[C@@H](N)C(=O)NCCOCCOCCN)OC(=O)CCCCCCCCCCC,5.89,1,0.0,1
CHEMBL5289539,CCCCCCCCCCCC(=O)OC[C@H](CSC[C@@H](N)C(=O)NCCOCCOCCOCCC(=O)O)OC(=O)CCCCCCCCCCC,6.05,1,0.0,1
CHEMBL5282528,CCCCCCCCCCCC(=O)OC[C@H](CSC[C@@H](N)C(=O)NCCOCCOCCOCCOCCP(=O)(O)O)OC(=O)CCCCCCCCCCC,7.42,1,0.0,1
CHEMBL5284081,CCCCCCCCCCCC(=O)OC[C@H](CSC[C@@H](N)C(=O)NCCOCCOCCOCCP(=O)(O)O)OC(=O)CCCCCCCCCCC,6.57,1,0.0,1
CHEMBL5272658,CCCCCCCCCCCC(=O)OC[C@H](CSC[C@@H](N)C(=O)NCCOCCOCCP(=O)(O)O)OC(=O)CCCCCCCCCCC,7.29,1,0.0,1
CHEMBL5290526,CCCCCCCCCCCC(=O)OC[C@H](CSC[C@@H](N)C(=O)NCCOCCOS(=O)(=O)O)OC(=O)CCCCCCCCCCC,7.21,1,0.0,1
CHEMBL5286724,CCCCCCCCCCCC(=O)OC[C@H](CSC[C@@H](N)C(=O)NCCOCCP(=O)(O)O)OC(=O)CCCCCCCCCCC,6.92,1,0.0,1
CHEMBL5277061,CCCCCCCCCCCC(=O)OC[C@H](CSC[C@@H](N)C(=O)NCCc1ccc(O)cc1)OC(=O)CCCCCCCCCCC,5.33,1,0.0,1
CHEMBL5283763,CCCCCCCCCCCC(=O)OC[C@H](CSC[C@@H](N)C(=O)NCCc1ccc(OCCC(C)C)cc1)OC(=O)CCCCCCCCCCC,5.09,1,0.0,1
CHEMBL5284182,CCCCCCCCCCCC(=O)OC[C@H](CSC[C@@H](N)C(=O)NCCc1ccc(OCCCP(=O)(O)O)cc1)OC(=O)CCCCCCCCCCC,6.39,1,0.0,1
CHEMBL5270215,CCCCCCCCCCCC(=O)OC[C@H](CSC[C@@H](N)C(=O)NCCc1ccc(OCCOCCO)cc1)OC(=O)CCCCCCCCCCC,4.82,1,0.0,0
CHEMBL5280723,CCCCCCCCCCCC(=O)OC[C@H](CSC[C@@H](N)C(=O)NCCc1ccc(Oc2ccccc2)cc1)OC(=O)CCCCCCCCCCC,5.39,1,0.0,1
CHEMBL5269580,CCCCCCCCCCCC(=O)OC[C@H](CSC[C@@H](N)C(=O)NCCc1ccccc1)OC(=O)CCCCCCCCCCC,5.86,1,0.0,1
CHEMBL5290145,CCCCCCCCCCCC(=O)OC[C@H](CSC[C@@H](N)C(=O)NCCc1ccccn1)OC(=O)CCCCCCCCCCC,5.88,1,0.0,1
CHEMBL5278184,CCCCCCCCCCCC(=O)OC[C@H](CSC[C@@H](N)C(=O)NCCc1cccnc1)OC(=O)CCCCCCCCCCC,8.36,1,0.0,1
CHEMBL5266820,CCCCCCCCCCCC(=O)OC[C@H](CSC[C@@H](N)C(=O)NCCc1ccncc1)OC(=O)CCCCCCCCCCC,6.84,1,0.0,1
CHEMBL5289004,CCCCCCCCCCCC(=O)OC[C@H](CSC[C@@H](N)C(=O)N[C@@H](C)CO)OC(=O)CCCCCCCCCCC,5.81,1,0.0,1
CHEMBL5290096,CCCCCCCCCCCC(=O)OC[C@H](CSC[C@@H](N)C(=O)N[C@@H](C)[C@H](O)c1ccccc1)OC(=O)CCCCCCCCCCC,7.4,1,0.0,1
CHEMBL5284394,CCCCCCCCCCCC(=O)OC[C@H](CSC[C@@H](N)C(=O)N[C@@H](CC)COCC(=O)O)OC(=O)CCCCCCCCCCC,5.19,1,0.0,1
CHEMBL5280491,CCCCCCCCCCCC(=O)OC[C@H](CSC[C@@H](N)C(=O)N[C@@H](CO)C(=O)NCCOCCOCCOCCC(=O)O)OC(=O)CCCCCCCCCCC,5.31,1,0.0,1
CHEMBL5277420,CCCCCCCCCCCC(=O)OC[C@H](CSC[C@@H](N)C(=O)N[C@H](C)CO)OC(=O)CCCCCCCCCCC,4.65,1,0.0,0
CHEMBL5266345,CCCCCCCCCCCC(=O)OC[C@H](CSC[C@@H](N)C(=O)N[C@H](C)COCCCP(=O)(O)O)OC(=O)CCCCCCCCCCC,7.72,1,0.0,1
CHEMBL1923540,CCCCCCCCCCCC(=O)OC[C@H](CSC[C@H](N)C(=O)N[C@@H](CO)C(=O)O)OC(=O)CCCCCCCCCCC,8.19,1,0.0,1
CHEMBL6042468,CCCCCCCCCCCC(=O)O[C@H](CCCCCCCCCCC)CC(=O)OCCSC[C@H](NC(C)=O)C(=O)N[C@@H](CO)C(=O)OC,4.68,1,0.0,0
CHEMBL5284309,CCCCCCCCCCCCCC(=O)OC[C@H](CSC[C@@H](N)C(=O)NCCOCCOCCOCCP(=O)(O)O)OC(=O)CCCCCCCCCCCCC,8.2,2,0.0,1
CHEMBL1923541,CCCCCCCCCCCCCC(=O)OC[C@H](CSC[C@H](N)C(=O)N[C@@H](CO)C(=O)O)OC(=O)CCCCCCCCCCCCC,9.25,1,0.0,1
CHEMBL5775193,CCCCCCCCCCCCCC(=O)O[C@H](CCCCCCCCCCC)CC(=O)OCCSC[C@H](NC(C)=O)C(=O)N[C@@H](CO)C(=O)OC,5.02,1,0.0,1
CHEMBL5921271,CCCCCCCCCCCCCCCC(=O)NCCSC[C@H](NC(C)=O)C(=O)N[C@@H](CO)C(=O)OC,4.93,1,0.0,0
CHEMBL4574268,CCCCCCCCCCCCCCCC(=O)N[C@@H](CSC[C@@H](COC(=O)CCCCCCCCCCCCCCC)OC(=O)CCCCCCCCCCCCCCC)C(=O)N[C@@H](CO)C(=O)N[C@@H](CCCCN)C(=O)N[C@@H](CCCCN)C(=O)N[C@@H](CCCCN)C(=O)N[C@@H](CCCCN)C(=O)N[C@@H](CO)C(=O)N[C@@H](CC(C)C)C(=O)N[C@@H](CC(C)C)C(=O)N[C@@H](CCSC)C(=O)N[C@@H](Cc1c[nH]c2ccccc12)C(=O)N[C@H](C(=O)N[C@H](C(=O)N[C@@H](CCC(N)=O)C(=O)N[C@H](C(=O)O)C(C)C)[C@@H](C)O)[C@@H](C)CC,7.64,1,0.0,1
CHEMBL2179399,CCCCCCCCCCCCCCCC(=O)N[C@@H](CSC[C@@H](COC(=O)CCCCCCCCCCCCCCC)OC(=O)CCCCCCCCCCCCCCC)C(=O)N[C@@H](CO)C(=O)N[C@@H](CCCCN)C(=O)N[C@@H](CCCCN)C(=O)N[C@@H](CCCCN)C(=O)N[C@@H](CCCCN)C(=O)O,7.64,1,0.0,1
CHEMBL4463804,CCCCCCCCCCCCCCCC(=O)N[C@@H](CSC[C@H](COC(=O)CCCCCCCCCCCCCCC)OC(=O)CCCCCCCCCCCCCCC)C(=O)N[C@@H](CO)C(=O)N[C@@H](CCCCN)C(=O)N[C@@H](CCCCN)C(=O)N[C@@H](CCCCN)C(=O)N[C@@H](CCCCN)C(=O)N[C@@H](CO)C(=O)N[C@@H](CC(C)C)C(=O)N[C@@H](CC(C)C)C(=O)N[C@@H](CCSC)C(=O)N[C@@H](Cc1c[nH]c2ccccc12)C(=O)N[C@H](C(=O)N[C@H](C(=O)N[C@@H](CCC(N)=O)C(=O)N[C@H](C(=O)O)C(C)C)[C@@H](C)O)[C@@H](C)CC,6.79,1,0.0,1
CHEMBL5282629,CCCCCCCCCCCCCCCC(=O)N[C@@H](SC[C@@H](COC(=O)CCCCCCCCCCCCCCC)OC(=O)CCCCCCCCCCCCCCC)C(=O)N[C@@H](CO)C(=O)N[C@@H](CCCCN)C(=O)N[C@@H](CCCCN)C(=O)N[C@@H](CCCCN)C(=O)N[C@@H](CCCCN)C(=O)N[C@@H](CO)C(=O)N[C@@H](CC(C)C)C(=O)N[C@@H](CC(C)C)C(=O)N[C@@H](CCSC)C(=O)N[C@@H](Cc1c[nH]c2ccccc12)C(=O)N[C@H](C(=O)N[C@H](C(=O)N[C@@H](CCC(N)=O)C(=O)N[C@H](C(=O)O)C(C)C)[C@@H](C)O)[C@@H](C)CC,4.64,1,0.0,0
CHEMBL5268779,CCCCCCCCCCCCCCCC(=O)N[C@H](CSC[C@@H](COC(=O)NCCCCCCCCCC)OC(=O)NCCCCCCCCCC)C(=O)NCCOCCOCCOCCP(=O)(O)O,5.58,2,0.0,1
CHEMBL5284692,CCCCCCCCCCCCCCCC(=O)OCC(CSC[C@@H](N)C(=O)N[C@@H](CO)C(=O)N[C@@H](CC(N)=O)C(=O)N[C@@H](CC(C)C)C(=O)N[C@H](C(=O)N[C@H](C(=O)N[C@@H](C)C(=O)N[C@@H](CO)C(=O)N[C@@H](CCC(=O)O)C(=O)N[C@H](C(=O)N[C@@H](CC(C)C)C(=O)O)[C@@H](C)O)[C@@H](C)CC)[C@@H](C)CC)OC(=O)CCCCCCCCCCCCCCC,6.57,1,0.0,1
CHEMBL4582174,CCCCCCCCCCCCCCCC(=O)OCCCCC[C@H](CSC[C@H](N)C(=O)N[C@@H](CO)C(=O)N[C@@H](CCCCN)C(=O)N[C@@H](CCCCN)C(=O)N[C@@H](CCCCN)C(=O)N[C@@H](CCCCN)C(=O)N[C@@H](CO)C(=O)N[C@@H](CC(C)C)C(=O)N[C@@H](CC(C)C)C(=O)N[C@@H](CCSC)C(=O)N[C@@H](Cc1c[nH]c2ccccc12)C(=O)N[C@H](C(=O)N[C@H](C(=O)N[C@@H](CCC(N)=O)C(=O)N[C@H](C(=O)O)C(C)C)[C@@H](C)O)[C@@H](C)CC)OC(=O)CCCCCCCCCCCCCCC,8.35,1,0.0,1
CHEMBL5271018,CCCCCCCCCCCCCCCC(=O)OCCCCC[C@H](CS[C@H](N)C(=O)N[C@@H](CO)C(=O)N[C@@H](CCCCN)C(=O)N[C@@H](CCCCN)C(=O)N[C@@H](CCCCN)C(=O)N[C@@H](CCCCN)C(=O)N[C@@H](CO)C(=O)N[C@@H](CC(C)C)C(=O)N[C@@H](CC(C)C)C(=O)N[C@@H](CCSC)C(=O)N[C@@H](Cc1c[nH]c2ccccc12)C(=O)N[C@H](C(=O)N[C@H](C(=O)N[C@@H](CCC(N)=O)C(=O)N[C@H](C(=O)O)C(C)C)[C@@H](C)O)[C@@H](C)CC)OC(=O)CCCCCCCCCCCCCCC,5.35,1,0.0,1
CHEMBL4442356,CCCCCCCCCCCCCCCC(=O)OCCCC[C@H](CSC[C@H](N)C(=O)N[C@@H](CO)C(=O)N[C@@H](CCCCN)C(=O)N[C@@H](CCCCN)C(=O)N[C@@H](CCCCN)C(=O)N[C@@H](CCCCN)C(=O)N[C@@H](CO)C(=O)N[C@@H](CC(C)C)C(=O)N[C@@H](CC(C)C)C(=O)N[C@@H](CCSC)C(=O)N[C@@H](Cc1c[nH]c2ccccc12)C(=O)N[C@H](C(=O)N[C@H](C(=O)N[C@@H](CCC(N)=O)C(=O)N[C@H](C(=O)O)C(C)C)[C@@H](C)O)[C@@H](C)CC)OC(=O)CCCCCCCCCCCCCCC,9.52,1,0.0,1
CHEMBL4759425,CCCCCCCCCCCCCCCC(=O)OCCCC[C@H](CSC[C@H](N)C(=O)N[C@@H](CO)C(=O)N[C@@H](CCCCN)C(=O)N[C@@H](CCCCN)C(=O)N[C@@H](CCCCN)C(=O)N[C@@H](CCCCN)C(=O)N[C@@H](CO)C(=O)N[C@@H](CC(C)C)C(=O)N[C@H](CN[C@@H](CCSC)C(=O)N[C@@H](Cc1c[nH]c2ccccc12)C(=O)N[C@H](C(=O)N[C@@H](C(=O)N[C@@H](CCC(N)=O)C(=O)N[C@H](C(=O)O)C(C)C)[C@@H](C)O)[C@@H](C)CC)CC(C)C)OC(=O)CCCCCCCCCCCCCCC,9.52,1,0.0,1
CHEMBL5279608,CCCCCCCCCCCCCCCC(=O)OCCCC[C@H](CS[C@H](N)C(=O)N[C@@H](CO)C(=O)N[C@@H](CCCCN)C(=O)N[C@@H](CCCCN)C(=O)N[C@@H](CCCCN)C(=O)N[C@@H](CCCCN)C(=O)N[C@@H](CO)C(=O)N[C@@H](CC(C)C)C(=O)N[C@@H](CC(C)C)C(=O)N[C@@H](CCSC)C(=O)N[C@@H](Cc1c[nH]c2ccccc12)C(=O)N[C@H](C(=O)N[C@H](C(=O)N[C@@H](CCC(N)=O)C(=O)N[C@H](C(=O)O)C(C)C)[C@@H](C)O)[C@@H](C)CC)OC(=O)CCCCCCCCCCCCCCC,6.52,1,0.0,1
CHEMBL2048220,CCCCCCCCCCCCCCCC(=O)OCCCSC[C@H](NC(C)=O)C(=O)N[C@@H](CO)C(=O)OC,8.26,1,0.0,1
CHEMBL4546202,CCCCCCCCCCCCCCCC(=O)OCCC[C@H](CSC[C@H](N)C(=O)N[C@@H](CO)C(=O)N[C@@H](CCCCN)C(=O)N[C@@H](CCCCN)C(=O)N[C@@H](CCCCN)C(=O)N[C@@H](CCCCN)C(=O)N[C@@H](CO)C(=O)N[C@@H](CC(C)C)C(=O)N[C@@H](CC(C)C)C(=O)N[C@@H](CCSC)C(=O)N[C@@H](Cc1c[nH]c2ccccc12)C(=O)N[C@H](C(=O)N[C@H](C(=O)N[C@@H](CCC(N)=O)C(=O)N[C@H](C(=O)O)C(C)C)[C@@H](C)O)[C@@H](C)CC)OC(=O)CCCCCCCCCCCCCCC,9.42,1,0.0,1
CHEMBL4791879,CCCCCCCCCCCCCCCC(=O)OCCC[C@H](CSC[C@H](N)C(=O)N[C@@H](CO)C(=O)N[C@@H](CCCCN)C(=O)N[C@@H](CCCCN)C(=O)N[C@@H](CCCCN)C(=O)N[C@@H](CCCCN)C(=O)N[C@@H](CO)C(=O)N[C@@H](CC(C)C)C(=O)N[C@H](CN[C@@H](CCSC)C(=O)N[C@@H](Cc1c[nH]c2ccccc12)C(=O)N[C@H](C(=O)N[C@@H](C(=O)N[C@@H](CCC(N)=O)C(=O)N[C@H](C(=O)O)C(C)C)[C@@H](C)O)[C@@H](C)CC)CC(C)C)OC(=O)CCCCCCCCCCCCCCC,9.42,1,0.0,1
CHEMBL5287881,CCCCCCCCCCCCCCCC(=O)OCCC[C@H](CS[C@H](N)C(=O)N[C@@H](CO)C(=O)N[C@@H](CCCCN)C(=O)N[C@@H](CCCCN)C(=O)N[C@@H](CCCCN)C(=O)N[C@@H](CCCCN)C(=O)N[C@@H](CO)C(=O)N[C@@H](CC(C)C)C(=O)N[C@@H](CC(C)C)C(=O)N[C@@H](CCSC)C(=O)N[C@@H](Cc1c[nH]c2ccccc12)C(=O)N[C@H](C(=O)N[C@H](C(=O)N[C@@H](CCC(N)=O)C(=O)N[C@H](C(=O)O)C(C)C)[C@@H](C)O)[C@@H](C)CC)OC(=O)CCCCCCCCCCCCCCC,6.42,1,0.0,1
CHEMBL1923549,CCCCCCCCCCCCCCCC(=O)OCCSC[C@H](N)C(=O)N[C@@H](CO)C(=O)OC,8.395,2,0.09,1
CHEMBL5740159,CCCCCCCCCCCCCCCC(=O)OCCSC[C@H](N)C(=O)N[C@@H](COC(=O)CCC)C(=O)OC,5.26,1,0.0,1
CHEMBL5851100,CCCCCCCCCCCCCCCC(=O)OCCSC[C@H](N)C(=O)N[C@@H](COC(=O)CCCCCCCCCCCCCCC)C(=O)OC,5.22,1,0.0,1
CHEMBL2048225,CCCCCCCCCCCCCCCC(=O)OCCSC[C@H](N)C(=O)N[C@@H](COC(C)=O)C(=O)OC,5.53,1,0.0,1
CHEMBL2048219,CCCCCCCCCCCCCCCC(=O)OCCSC[C@H](NC(=O)C(F)(F)F)C(=O)N[C@@H](CO)C(=O)OC,6.85,2,3.0,1
CHEMBL2048076,CCCCCCCCCCCCCCCC(=O)OCCSC[C@H](NC(=O)CCC)C(=O)N[C@@H](CO)C(=O)OC,8.79,1,0.0,1
CHEMBL2048077,CCCCCCCCCCCCCCCC(=O)OCCSC[C@H](NC(=O)CCCCCCC)C(=O)N[C@@H](CO)C(=O)OC,8.42,1,0.0,1
CHEMBL5267159,CCCCCCCCCCCCCCCC(=O)OCCSC[C@H](NC(=O)COCC(=O)NCCCOCCOCCOCCCNC)C(=O)NCC(=O)N[C@H](CO)C(=O)COCC(=O)NCCCOCCOCCOCCCN,6.17,1,0.0,1
CHEMBL5761704,CCCCCCCCCCCCCCCC(=O)OCCSC[C@H](NC(C)=O)C(=O)N[C@@H](CCCCN)C(=O)OC,6.65,1,0.0,1
CHEMBL2048075,CCCCCCCCCCCCCCCC(=O)OCCSC[C@H](NC(C)=O)C(=O)N[C@@H](CO)C(=O)OC,9.0,1,0.0,1
CHEMBL5904547,CCCCCCCCCCCCCCCC(=O)OCCSC[C@H](NC(C)=O)C(=O)N[C@@H](COC(=O)CCC(=O)O)C(=O)OC,6.29,1,0.0,1
CHEMBL5907791,CCCCCCCCCCCCCCCC(=O)OCCSC[C@H](NC(C)=O)C(=O)N[C@@H](COC(=O)[C@@H](N)CN)C(=O)OC,5.17,1,0.0,1
CHEMBL5983841,CCCCCCCCCCCCCCCC(=O)OCCSC[C@H](NC(C)=O)C(=O)N[C@@H](COC(=O)c1cccnc1)C(=O)OC,5.9,1,0.0,1
CHEMBL5999710,CCCCCCCCCCCCCCCC(=O)OCCSC[C@H](NC(C)=O)C(=O)N[C@@H](COS(=O)(=O)O)C(=O)OC,5.15,1,0.0,1
CHEMBL4439863,CCCCCCCCCCCCCCCC(=O)OCC[C@@H](CSC[C@H](N)C(=O)N[C@@H](CO)C(=O)N[C@@H](CCCCN)C(=O)N[C@@H](CCCCN)C(=O)N[C@@H](CCCCN)C(=O)N[C@@H](CCCCN)C(=O)N[C@@H](CO)C(=O)N[C@@H](CC(C)C)C(=O)N[C@@H](CC(C)C)C(=O)N[C@@H](CCSC)C(=O)N[C@@H](Cc1c[nH]c2ccccc12)C(=O)N[C@H](C(=O)N[C@H](C(=O)N[C@@H](CCC(N)=O)C(=O)N[C@H](C(=O)O)C(C)C)[C@@H](C)O)[C@@H](C)CC)OC(=O)CCCCCCCCCCCCCCC,7.34,1,0.0,1
CHEMBL4585276,CCCCCCCCCCCCCCCC(=O)OCC[C@@H](CSC[C@H](NC(C)=O)C(=O)N[C@@H](CO)C(=O)N[C@@H](CCCCN)C(=O)N[C@@H](CCCCN)C(=O)N[C@@H](CCCCN)C(=O)N[C@@H](CCCCN)C(=O)N[C@@H](CO)C(=O)N[C@@H](CC(C)C)C(=O)N[C@@H](CC(C)C)C(=O)N[C@@H](CCSC)C(=O)N[C@@H](Cc1c[nH]c2ccccc12)C(=O)N[C@H](C(=O)N[C@H](C(=O)N[C@@H](CCC(N)=O)C(=O)N[C@H](C(=O)O)C(C)C)[C@@H](C)O)[C@@H](C)CC)OC(=O)CCCCCCCCCCCCCCC,7.76,1,0.0,1
CHEMBL5282575,CCCCCCCCCCCCCCCC(=O)OCC[C@@H](CS[C@H](N)C(=O)N[C@@H](CO)C(=O)N[C@@H](CCCCN)C(=O)N[C@@H](CCCCN)C(=O)N[C@@H](CCCCN)C(=O)N[C@@H](CCCCN)C(=O)N[C@@H](CO)C(=O)N[C@@H](CC(C)C)C(=O)N[C@@H](CC(C)C)C(=O)N[C@@H](CCSC)C(=O)N[C@@H](Cc1c[nH]c2ccccc12)C(=O)N[C@H](C(=O)N[C@H](C(=O)N[C@@H](CCC(N)=O)C(=O)N[C@H](C(=O)O)C(C)C)[C@@H](C)O)[C@@H](C)CC)OC(=O)CCCCCCCCCCCCCCC,4.34,1,0.0,0
CHEMBL5283225,CCCCCCCCCCCCCCCC(=O)OCC[C@@H](CS[C@H](NC(C)=O)C(=O)N[C@@H](CO)C(=O)N[C@@H](CCCCN)C(=O)N[C@@H](CCCCN)C(=O)N[C@@H](CCCCN)C(=O)N[C@@H](CCCCN)C(=O)N[C@@H](CO)C(=O)N[C@@H](CC(C)C)C(=O)N[C@@H](CC(C)C)C(=O)N[C@@H](CCSC)C(=O)N[C@@H](Cc1c[nH]c2ccccc12)C(=O)N[C@H](C(=O)N[C@H](C(=O)N[C@@H](CCC(N)=O)C(=O)N[C@H](C(=O)O)C(C)C)[C@@H](C)O)[C@@H](C)CC)OC(=O)CCCCCCCCCCCCCCC,4.76,1,0.0,0
CHEMBL4461230,CCCCCCCCCCCCCCCC(=O)OCC[C@H](CSC[C@H](N)C(=O)N[C@@H](CO)C(=O)N[C@@H](CCCCN)C(=O)N[C@@H](CCCCN)C(=O)N[C@@H](CCCCN)C(=O)N[C@@H](CCCCN)C(=O)N[C@@H](CO)C(=O)N[C@@H](CC(C)C)C(=O)N[C@@H](CC(C)C)C(=O)N[C@@H](CCSC)C(=O)N[C@@H](Cc1c[nH]c2ccccc12)C(=O)N[C@H](C(=O)N[C@H](C(=O)N[C@@H](CCC(N)=O)C(=O)N[C@H](C(=O)O)C(C)C)[C@@H](C)O)[C@@H](C)CC)OC(=O)CCCCCCCCCCCCCCC,9.21,1,0.0,1
CHEMBL4537583,CCCCCCCCCCCCCCCC(=O)OCC[C@H](CSC[C@H](NC(C)=O)C(=O)N[C@@H](CO)C(=O)N[C@@H](CCCCN)C(=O)N[C@@H](CCCCN)C(=O)N[C@@H](CCCCN)C(=O)N[C@@H](CCCCN)C(=O)N[C@@H](CO)C(=O)N[C@@H](CC(C)C)C(=O)N[C@@H](CC(C)C)C(=O)N[C@@H](CCSC)C(=O)N[C@@H](Cc1c[nH]c2ccccc12)C(=O)N[C@H](C(=O)N[C@H](C(=O)N[C@@H](CCC(N)=O)C(=O)N[C@H](C(=O)O)C(C)C)[C@@H](C)O)[C@@H](C)CC)OC(=O)CCCCCCCCCCCCCCC,8.94,1,0.0,1
CHEMBL5289217,CCCCCCCCCCCCCCCC(=O)OCC[C@H](CS[C@H](N)C(=O)N[C@@H](CO)C(=O)N[C@@H](CCCCN)C(=O)N[C@@H](CCCCN)C(=O)N[C@@H](CCCCN)C(=O)N[C@@H](CCCCN)C(=O)N[C@@H](CO)C(=O)N[C@@H](CC(C)C)C(=O)N[C@@H](CC(C)C)C(=O)N[C@@H](CCSC)C(=O)N[C@@H](Cc1c[nH]c2ccccc12)C(=O)N[C@H](C(=O)N[C@H](C(=O)N[C@@H](CCC(N)=O)C(=O)N[C@H](C(=O)O)C(C)C)[C@@H](C)O)[C@@H](C)CC)OC(=O)CCCCCCCCCCCCCCC,6.21,1,0.0,1
CHEMBL5285383,CCCCCCCCCCCCCCCC(=O)OCC[C@H](CS[C@H](NC(C)=O)C(=O)N[C@@H](CO)C(=O)N[C@@H](CCCCN)C(=O)N[C@@H](CCCCN)C(=O)N[C@@H](CCCCN)C(=O)N[C@@H](CCCCN)C(=O)N[C@@H](CO)C(=O)N[C@@H](CC(C)C)C(=O)N[C@@H](CC(C)C)C(=O)N[C@@H](CCSC)C(=O)N[C@@H](Cc1c[nH]c2ccccc12)C(=O)N[C@H](C(=O)N[C@H](C(=O)N[C@@H](CCC(N)=O)C(=O)N[C@H](C(=O)O)C(C)C)[C@@H](C)O)[C@@H](C)CC)OC(=O)CCCCCCCCCCCCCCC,5.93,1,0.0,1
CHEMBL4562655,CCCCCCCCCCCCCCCC(=O)OC[C@@H](CSC[C@H](N)C(=O)N[C@@H](CO)C(=O)N[C@@H](CCCCN)C(=O)N[C@@H](CCCCN)C(=O)N[C@@H](CCCCN)C(=O)N[C@@H](CCCCN)C(=O)N[C@@H](CO)C(=O)N[C@@H](CC(C)C)C(=O)N[C@@H](CC(C)C)C(=O)N[C@@H](CCSC)C(=O)N[C@@H](Cc1c[nH]c2ccccc12)C(=O)N[C@H](C(=O)N[C@H](C(=O)N[C@@H](CCC(N)=O)C(=O)N[C@H](C(=O)O)C(C)C)[C@@H](C)O)[C@@H](C)CC)OC(=O)CCCCCCCCCCCCCCC,6.81,1,0.0,1
CHEMBL4455047,CCCCCCCCCCCCCCCC(=O)OC[C@@H](CSC[C@H](NC(C)=O)C(=O)N[C@@H](CO)C(=O)N[C@@H](CCCCN)C(=O)N[C@@H](CCCCN)C(=O)N[C@@H](CCCCN)C(=O)N[C@@H](CCCCN)C(=O)N[C@@H](CO)C(=O)N[C@@H](CC(C)C)C(=O)N[C@@H](CC(C)C)C(=O)N[C@@H](CCSC)C(=O)N[C@@H](Cc1c[nH]c2ccccc12)C(=O)N[C@H](C(=O)N[C@H](C(=O)N[C@@H](CCC(N)=O)C(=O)N[C@H](C(=O)O)C(C)C)[C@@H](C)O)[C@@H](C)CC)OC(=O)CCCCCCCCCCCCCCC,6.82,1,0.0,1
CHEMBL1923547,CCCCCCCCCCCCCCCC(=O)OC[C@@H](O)CSC[C@H](N)C(=O)N[C@@H](CO)C(=O)O,8.71,1,0.0,1
CHEMBL1923536,CCCCCCCCCCCCCCCC(=O)OC[C@H](CSC[C@H](N)C(=O)NCC(=O)OC(C)C)OC(=O)CCCCCCCCCCCCCCC,9.35,1,0.0,1
CHEMBL4560927,CCCCCCCCCCCCCCCC(=O)OC[C@H](CSC[C@H](N)C(=O)N[C@@H](CO)C(=O)N[C@@H](CCCCN)C(=O)N[C@@H](CCCCN)C(=O)N[C@@H](CCCCN)C(=O)N[C@@H](CCCCN)C(=O)N[C@@H](CO)C(=O)N[C@@H](CC(C)C)C(=O)N[C@@H](CC(C)C)C(=O)N[C@@H](CCSC)C(=O)N[C@@H](Cc1c[nH]c2ccccc12)C(=O)N[C@H](C(=O)N[C@H](C(=O)N[C@@H](CCC(N)=O)C(=O)N[C@H](C(=O)O)C(C)C)[C@@H](C)O)[C@@H](C)CC)OC(=O)CCCCCCCCCCCCCCC,9.33,1,0.0,1
CHEMBL4780449,CCCCCCCCCCCCCCCC(=O)OC[C@H](CSC[C@H](N)C(=O)N[C@@H](CO)C(=O)N[C@@H](CCCCN)C(=O)N[C@@H](CCCCN)C(=O)N[C@@H](CCCCN)C(=O)N[C@@H](CCCCN)C(=O)N[C@@H](CO)C(=O)N[C@@H](CC(C)C)C(=O)N[C@H](CN[C@@H](CCSC)C(=O)N[C@@H](Cc1c[nH]c2ccccc12)C(=O)N[C@H](C(=O)N[C@@H](C(=O)N[C@@H](CCC(N)=O)C(=O)N[C@H](C(=O)O)C(C)C)[C@@H](C)O)[C@@H](C)CC)CC(C)C)OC(=O)CCCCCCCCCCCCCCC,9.33,1,0.0,1
CHEMBL2179400,CCCCCCCCCCCCCCCC(=O)OC[C@H](CSC[C@H](N)C(=O)N[C@@H](CO)C(=O)N[C@@H](CCCCN)C(=O)N[C@@H](CCCCN)C(=O)N[C@@H](CCCCN)C(=O)N[C@@H](CCCCN)C(=O)O)OC(=O)CCCCCCCCCCCCCCC,8.43,1,0.0,1
CHEMBL2179402,CCCCCCCCCCCCCCCC(=O)OC[C@H](CSC[C@H](NC(=O)COCC(=O)NCCCOCCOCCOCCCNC(=O)CCS)C(=O)NCC(=O)N[C@H](CO)C(=O)NCCCOCCOCCOCCCNC(=O)COCC(N)=O)OC(=O)CCCCCCCCCCCCCCC,7.41,1,0.0,1
CHEMBL3350702,CCCCCCCCCCCCCCCC(=O)OC[C@H](CSC[C@H](NC(=O)COCC(=O)NCCCOCCOCCOCCCNC(=O)CCSC1CC(=O)N(CCNC(=O)CCCCCN2\C(=C/C=C/C=C/C3=[N+](CC)c4ccc(S(=O)(=O)[O-])cc4C3)Cc3cc(S(=O)(=O)O)ccc32)C1=O)C(=O)NCC(=O)N[C@H](CO)C(=O)NCCCOCCOCCOCCCNC(=O)COCC(N)=O)OC(=O)CCCCCCCCCCCCCCC,7.47,1,0.0,1
CHEMBL2179779,CCCCCCCCCCCCCCCC(=O)OC[C@H](CSC[C@H](NC(=O)COCC(=O)NCCCOCCOCCOCCCNC(C)=O)C(=O)NCC(=O)N[C@@H](CC(N)=O)C(=O)N[C@@H](CC(N)=O)C(=O)N[C@@H](CC(=O)O)C(=O)N[C@@H](CCC(=O)O)C(=O)N[C@@H](CO)C(=O)N[C@@H](CC(N)=O)C(=O)N[C@H](C(=O)N[C@@H](CO)C(=O)N[C@@H](Cc1ccccc1)C(=O)N[C@@H](CCCCN)C(=O)N[C@@H](CCC(=O)O)C(=O)N[C@@H](CCCCN)C(N)=O)[C@@H](C)CC)OC(=O)CCCCCCCCCCCCCCC,7.25,1,0.0,1
CHEMBL2179404,CCCCCCCCCCCCCCCC(=O)OC[C@H](CSC[C@H](NC(=O)COCC(=O)NCCCOCCOCCOCCCNC(C)=O)C(=O)NCC(=O)N[C@@H](CO)C(=O)N[C@@H](CCC(N)=O)C(=O)N[C@@H](CC(N)=O)C(=O)N[C@@H](CC(C)C)C(=O)N[C@@H](C)C(=O)N[C@@H](CO)C(=O)N[C@@H](CC(C)C)C(=O)N[C@@H](CCC(=O)O)C(=O)N[C@@H](CCC(=O)O)C(N)=O)OC(=O)CCCCCCCCCCCCCCC,7.11,1,0.0,1
CHEMBL5276410,CCCCCCCCCCCCCCCC(=O)OC[C@H](CSC[C@H](NC(=O)COCC(=O)NCCCOCCOCCOCCCNC(C)=O)C(=O)NCC(=O)N[C@H](CO)C(=O)COCC(=O)NCCCOCCOCCOCCCN)OC(=O)CCCCCCCCCCCCCCC,7.7,1,0.0,1
CHEMBL2179403,CCCCCCCCCCCCCCCC(=O)OC[C@H](CSC[C@H](NC(=O)COCC(=O)NCCCOCCOCCOCCCNC(C)=O)C(=O)NCC(=O)N[C@H](CO)C(=O)NCCCOCCOCCOCCCNC(=O)COCC(N)=O)OC(=O)CCCCCCCCCCCCCCC,7.7,1,0.0,1
CHEMBL2179778,CCCCCCCCCCCCCCCC(=O)OC[C@H](CSC[C@H](NC(=O)COCC(=O)NCCCOCCOCCOCCCNC(C)=O)C(=O)N[C@H](CO)C(=O)N[C@H](CCCNC(=N)N)C(=O)N[C@H](Cc1ccccc1)C(=O)N[C@H](CC(=O)O)C(=O)N[C@H](CCC(=O)O)C(=O)N[C@H](CC(=O)O)C(=O)N[C@H](CC(=O)O)C(=O)N[C@H](CC(C)C)C(=O)N[C@H](CCC(=O)O)C(N)=O)OC(=O)CCCCCCCCCCCCCCC,7.6,1,0.0,1
CHEMBL4552043,CCCCCCCCCCCCCCCC(=O)OC[C@H](CSC[C@H](NC(C)=O)C(=O)N[C@@H](CO)C(=O)N[C@@H](CCCCN)C(=O)N[C@@H](CCCCN)C(=O)N[C@@H](CCCCN)C(=O)N[C@@H](CCCCN)C(=O)N[C@@H](CO)C(=O)N[C@@H](CC(C)C)C(=O)N[C@@H](CC(C)C)C(=O)N[C@@H](CCSC)C(=O)N[C@@H](Cc1c[nH]c2ccccc12)C(=O)N[C@H](C(=O)N[C@H](C(=O)N[C@@H](CCC(N)=O)C(=O)N[C@H](C(=O)O)C(C)C)[C@@H](C)O)[C@@H](C)CC)OC(=O)CCCCCCCCCCCCCCC,9.55,1,0.0,1
CHEMBL4756806,CCCCCCCCCCCCCCCC(=O)OC[C@H](CSC[C@H](NC(C)=O)C(=O)N[C@@H](CO)C(=O)N[C@@H](CCCCN)C(=O)N[C@@H](CCCCN)C(=O)N[C@@H](CCCCN)C(=O)N[C@@H](CCCCN)C(=O)N[C@@H](CO)C(=O)N[C@@H](CC(C)C)C(=O)N[C@H](CN[C@@H](CCSC)C(=O)N[C@@H](Cc1c[nH]c2ccccc12)C(=O)N[C@H](C(=O)N[C@@H](C(=O)N[C@@H](CCC(N)=O)C(=O)N[C@H](C(=O)O)C(C)C)[C@@H](C)O)[C@@H](C)CC)CC(C)C)OC(=O)CCCCCCCCCCCCCCC,9.55,1,0.0,1
CHEMBL5268020,CCCCCCCCCCCCCCCC(=O)OC[C@H](CS[C@H](N)C(=O)N[C@@H](CO)C(=O)N[C@@H](CCCCN)C(=O)N[C@@H](CCCCN)C(=O)N[C@@H](CCCCN)C(=O)N[C@@H](CCCCN)C(=O)N[C@@H](CO)C(=O)N[C@@H](CC(C)C)C(=O)N[C@@H](CC(C)C)C(=O)N[C@@H](CCSC)C(=O)N[C@@H](Cc1c[nH]c2ccccc12)C(=O)N[C@H](C(=O)N[C@H](C(=O)N[C@@H](CCC(N)=O)C(=O)N[C@H](C(=O)O)C(C)C)[C@@H](C)O)[C@@H](C)CC)OC(=O)CCCCCCCCCCCCCCC,6.33,1,0.0,1
CHEMBL5271955,CCCCCCCCCCCCCCCC(=O)OC[C@H](CS[C@H](NC(C)=O)C(=O)N[C@@H](CO)C(=O)N[C@@H](CCCCN)C(=O)N[C@@H](CCCCN)C(=O)N[C@@H](CCCCN)C(=O)N[C@@H](CCCCN)C(=O)N[C@@H](CO)C(=O)N[C@@H](CC(C)C)C(=O)N[C@@H](CC(C)C)C(=O)N[C@@H](CCSC)C(=O)N[C@@H](Cc1c[nH]c2ccccc12)C(=O)N[C@H](C(=O)N[C@H](C(=O)N[C@@H](CCC(N)=O)C(=O)N[C@H](C(=O)O)C(C)C)[C@@H](C)O)[C@@H](C)CC)OC(=O)CCCCCCCCCCCCCCC,6.55,1,0.0,1
CHEMBL1923557,CCCCCCCCCCCCCCCC(=O)OC[C@H](C[Se]C[C@H](N)C(=O)N[C@@H](CO)C(=O)OC)OC(=O)CCCCCCCCCCCCCCC,9.59,1,0.0,1
CHEMBL5949881,CCCCCCCCCCCCCCCC(=O)O[C@H](CCCCCCCCCCC)CC(=O)OCCSC[C@H](NC(C)=O)C(=O)N[C@@H](CO)C(=O)OC,5.32,1,0.0,1
CHEMBL1923548,CCCCCCCCCCCCCCCC(=O)O[C@H](CO)CSC[C@H](N)C(=O)N[C@@H](CO)C(=O)O,8.73,1,0.0,1
CHEMBL1923546,CCCCCCCCCCCCCCCC(=O)O[C@H](COC(=O)CNCCCNCCCCNCCCN)CSC[C@H](N)C(=O)N[C@@H](CO)C(=O)O,8.49,1,0.0,1
CHEMBL1923544,CCCCCCCCCCCCCCCC(=O)O[C@H](COC(=O)CNCCCOCCOCCOCC)CSC[C@H](N)C(=O)N[C@@H](CO)C(=O)O,8.68,1,0.0,1
CHEMBL1923545,CCCCCCCCCCCCCCCC(=O)O[C@H](COC(=O)CNCCCOCCOCCOCCCN)CSC[C@H](N)C(=O)N[C@@H](CO)C(=O)O,8.81,1,0.0,1
CHEMBL2048067,CCCCCCCCCCCCCCCCCC(=O)OCCSC[C@H](N)C(=O)N[C@@H](CO)C(=O)OC,8.32,1,0.0,1
CHEMBL1923542,CCCCCCCCCCCCCCCCCC(=O)OC[C@H](CSC[C@H](N)C(=O)N[C@@H](CO)C(=O)O)OC(=O)CCCCCCCCCCCCCCCCC,8.83,1,0.0,1
CHEMBL6011496,CCCCCCCCCCCCCCCCNC(=O)OCCSC[C@H](NC(C)=O)C(=O)N[C@@H](CO)C(=O)OC,6.49,1,0.0,1
CHEMBL6001512,CCCCCCCCCCCCCCCCOC(=O)NCCSC[C@H](NC(C)=O)C(=O)N[C@@H](CO)C(=O)NCCCN(C)C,6.55,1,0.0,1
CHEMBL5843974,CCCCCCCCCCCCCCCCOC(=O)NCCSC[C@H](NC(C)=O)C(=O)N[C@@H](CO)C(=O)OC,7.21,1,0.0,1
CHEMBL5271942,CCCCCCCCCCCCCCCCOC[C@H](CSC[C@@H](N)C(=O)NCCOCCOCCOCCP(=O)(O)O)OCCCCCCCCCCCCCCCC,5.46,2,0.0,1
CHEMBL5267139,CCCCCCCCCCCCOC[C@H](CSC[C@@H](N)C(=O)NCCOCCOCCOCCP(=O)(O)O)OCCCCCCCCCCCC,6.26,2,0.0,1
CHEMBL5575324,CCCCCCCCCCCC[C@@H]1OC[C@H]([C@@H]2O[C@@H](OC[C@H](O)COC(=O)CCCCCCCCCCC)[C@H](O)[C@H]2O)O1,9.94,1,0.0,1
CHEMBL6027533,CCCCCCCCCCC[C@@H](O)CC(=O)OCCSC[C@H](NC(C)=O)C(=O)N[C@@H](CO)C(=O)OC,5.95,1,0.0,1
CHEMBL5796564,CCCCCCCCCCC[C@H](CC(=O)OCCSC[C@H](NC(C)=O)C(=O)N[C@@H](CO)C(=O)OC)OC(=O)CCC,6.46,1,0.0,1
CHEMBL5760731,CCCCCCCCCCC[C@H](CC(=O)OCCSC[C@H](NC(C)=O)C(=O)N[C@@H](CO)C(=O)OC)OC(=O)CCCCC,5.82,1,0.0,1
CHEMBL5860088,CCCCCCCCCCC[C@H](CC(=O)OCCSC[C@H](NC(C)=O)C(=O)N[C@@H](CO)C(=O)OC)OC(=O)CCCCCCC,5.51,1,0.0,1
CHEMBL5766026,CCCCCCCCCCC[C@H](CC(=O)OCCSC[C@H](NC(C)=O)C(=O)N[C@@H](CO)C(=O)OC)OC(=O)CCCCCCCCC,4.89,1,0.0,0
CHEMBL5907691,CCCCCCCCCCC[C@H](CC(=O)OCCSC[C@H](NC(C)=O)C(=O)N[C@@H](CO)C(=O)OC)OC(C)=O,6.74,1,0.0,1
CHEMBL5900533,CCCCCCCCCCC[C@H](CC(=O)OCCSC[C@H](NC(C)=O)C(=O)N[C@@H](CO)C(=O)OC)OC=O,6.09,1,0.0,1
CHEMBL5283018,CCCCCCCCCCNC(=O)OC[C@H](CSC[C@@H](N)C(=O)NCCOCCOCCOCCP(=O)(O)O)OC(=O)NCCCCCCCCCC,6.09,2,0.0,1
CHEMBL5273594,CCCCCCCCCCNC(=O)OC[C@H](CSC[C@@H](NC(=O)CCCCC)C(=O)NCCOCCOCCOCCP(=O)(O)O)OC(=O)NCCCCCCCCCC,6.08,2,0.0,1
CHEMBL5279326,CCCCCCCCCCNC(=O)OC[C@H](CSC[C@@H](NC(C)=O)C(=O)NCCOCCOCCOCCP(=O)(O)O)OC(=O)NCCCCCCCCCC,6.08,2,0.0,1
CHEMBL5286846,CCCCCCCCNC(=O)OC[C@H](CSC[C@@H](N)C(=O)NCCOCCOCCOCCP(=O)(O)O)OC(=O)NCCCCCCCC,5.15,2,0.0,1
CHEMBL5402655,CCCC[C@@H]1CN(C(=O)c2ccc(C(=O)N3C[C@@H](C(=O)N[C@H]4C[C@@H]4c4ccccc4)[C@H](C(=O)N[C@H]4C[C@@H]4c4ccccc4)C3)cc2)C[C@H]1C(=O)N[C@H]1C[C@@H]1c1ccccc1,7.41,1,0.0,1
CHEMBL5418054,CCCC[C@H]1CN(C(=O)c2ccc(C(=O)N3C[C@@H](C(=O)N[C@H]4C[C@@H]4c4ccccc4)[C@H](C(=O)N[C@H]4C[C@@H]4c4ccccc4)C3)cc2)C[C@@H]1C(=O)N[C@H]1C[C@@H]1c1ccccc1,7.46,1,0.0,1
CHEMBL4474783,CCCOC(=O)c1c(NC(=O)N2CCN(C)CC2)sc2c1CCC2,4.85,1,0.0,0
CHEMBL4557536,CCCOC(=O)c1c(NC(=O)N2CCN(C)CC2)sc2c1CCCC2,5.18,1,0.0,1
CHEMBL5085416,CCCOC(=O)c1c(NC(=S)Nc2cccc3ccccc23)sc2c1CCC2,6.09,1,0.0,1
CHEMBL5090439,CCCOC(=O)c1c(NC(=S)Nc2cccc3ccccc23)sc2c1CCCC2,5.98,1,0.0,1
CHEMBL5417613,CCC[C@@H]1CN(C(=O)c2ccc(C(=O)N3C[C@@H](C(=O)N[C@H]4C[C@@H]4c4ccccc4)[C@H](C(=O)N[C@H]4C[C@@H]4c4ccccc4)C3)cc2)C[C@H]1C(=O)N[C@H]1C[C@@H]1c1ccccc1,6.75,1,0.0,1
CHEMBL5433647,CCC[C@H]1CN(C(=O)c2ccc(C(=O)N3C[C@@H](C(=O)N[C@H]4C[C@@H]4c4ccccc4)[C@H](C(=O)N[C@H]4C[C@@H]4c4ccccc4)C3)cc2)C[C@@H]1C(=O)N[C@H]1C[C@@H]1c1ccccc1,7.06,1,0.0,1
CHEMBL1522109,CCOC(=O)c1c(N=C(S)Nc2ccc(F)cc2)sc2c1CCC2,4.88,1,0.0,0
CHEMBL1608279,CCOC(=O)c1c(N=C(S)Nc2ccccc2)sc2c1CCCCC2,4.54,1,0.0,0
CHEMBL4581678,CCOC(=O)c1c(NC(=O)N2CCN(C)CC2)sc2c1CCC2,6.26,3,0.01,1
CHEMBL4460494,CCOC(=O)c1c(NC(=O)N2CCN(C)CC2)sc2c1CCCC2,6.46,1,0.0,1
CHEMBL4447292,CCOC(=O)c1c(NC(=O)N2CCN(CC)CC2)sc2c1CCC2,5.07,1,0.0,1
CHEMBL5073453,CCOC(=O)c1c(NC(=O)Nc2ccc(C)cc2)sc2c1CCC2,4.92,1,0.0,0
CHEMBL5081426,CCOC(=O)c1c(NC(=O)Nc2ccc(C)cc2)sc2c1CCCC2,4.84,1,0.0,0
CHEMBL5088017,CCOC(=O)c1c(NC(=O)Nc2cccc3ccccc23)sc2c1CCC2,5.12,1,0.0,1
CHEMBL5093674,CCOC(=O)c1c(NC(=O)Nc2cccc3ccccc23)sc2c1CCCC2,5.23,1,0.0,1
CHEMBL5076778,CCOC(=O)c1c(NC(=O)Nc2ccccc2)sc2c1CCC2,4.92,1,0.0,0
CHEMBL5092725,CCOC(=O)c1c(NC(=O)Nc2ccccc2)sc2c1CCCCC2,4.93,1,0.0,0
CHEMBL4461944,CCOC(=O)c1c(NC(=S)N2CCN(C)CC2)sc2c1CCC2,5.46,1,0.0,1
CHEMBL4461828,CCOC(=O)c1c(NC(=S)N2CCN(C)CC2)sc2c1CCCC2,5.19,1,0.0,1
CHEMBL5092504,CCOC(=O)c1c(NC(=S)Nc2ccc(-c3ccccc3)cc2)sc2c1CCC2,5.15,1,0.0,1
CHEMBL5083799,CCOC(=O)c1c(NC(=S)Nc2ccc(C(F)(F)F)cc2)sc2c1CCCC2,4.92,1,0.0,0
CHEMBL5080644,CCOC(=O)c1c(NC(=S)Nc2ccc(C)cc2)sc2c1CCCC2,5.06,1,0.0,1
CHEMBL5084965,CCOC(=O)c1c(NC(=S)Nc2ccc(Cl)cc2)sc2c1CCC2,5.6,1,0.0,1
CHEMBL5092135,CCOC(=O)c1c(NC(=S)Nc2ccc(Cl)cc2)sc2c1CCCC2,5.33,1,0.0,1
CHEMBL5091448,CCOC(=O)c1c(NC(=S)Nc2ccc(F)cc2)sc2c1CCCC2,4.92,1,0.0,0
CHEMBL5090848,CCOC(=O)c1c(NC(=S)Nc2cccc3ccccc23)sc2c1CCC(C)C2,5.76,1,0.0,1
CHEMBL5094868,CCOC(=O)c1c(NC(=S)Nc2cccc3ccccc23)sc2c1CCC2,6.44,1,0.0,1
CHEMBL5075407,CCOC(=O)c1c(NC(=S)Nc2cccc3ccccc23)sc2c1CCCC2,6.48,1,0.0,1
CHEMBL5084935,CCOC(=O)c1c(NC(=S)Nc2cccc3ccccc23)sc2c1CCCCC2,5.63,1,0.0,1
CHEMBL5087280,CCOC(=O)c1c(NC(=S)Nc2ccccc2)sc2c1CCC2,5.23,1,0.0,1
CHEMBL3827142,CCOC(=O)c1c(NC(=S)Nc2ccccc2)sc2c1CCCC2,5.58,1,0.0,1
CHEMBL4759149,CNc1ccc([N+](=O)[O-])cc1-n1cnc(-c2ccc(C(F)(F)F)cc2O)c1,8.31,1,0.0,1
CHEMBL4472531,COC(=O)c1c(NC(=O)N2CCN(C)CC2)sc2c1CCC(C)C2,4.93,1,0.0,0
CHEMBL4470878,COC(=O)c1c(NC(=O)N2CCN(C)CC2)sc2c1CCC2,6.35,1,0.0,1
CHEMBL4447690,COC(=O)c1c(NC(=O)N2CCN(C)CC2)sc2c1CCCC2,6.8,1,0.0,1
CHEMBL4536324,COC(=O)c1c(NC(=O)N2CCN(C)CC2)sc2c1CCCCC2,5.88,1,0.0,1
CHEMBL5284224,COC(=O)c1c(NC(=O)c2cccc3ccccc23)sc2c1CCCC2,6.26,1,0.0,1
CHEMBL5077518,COC(=O)c1c(NC(=S)Nc2ccc(C(F)(F)F)cc2)sc2c1CCCC2,4.47,1,0.0,0
CHEMBL5093471,COC(=O)c1c(NC(=S)Nc2ccc(C)cc2)sc2c1CCCC2,4.99,1,0.0,0
CHEMBL5086432,COC(=O)c1c(NC(=S)Nc2cccc3ccccc23)sc2c1CCC2,5.45,1,0.0,1
CHEMBL5079696,COC(=O)c1c(NC(=S)Nc2cccc3ccccc23)sc2c1CCCC2,5.13,1,0.0,1
CHEMBL5075248,COC(=O)c1c(NC(=S)Nc2ccccc2)sc2c1CCC2,4.85,1,0.0,0
CHEMBL5086140,COC(=O)c1c(NC(=S)Nc2ccccc2)sc2c1CCCC2,4.83,1,0.0,0
CHEMBL4556264,Cc1ccncc1CNC(=O)c1c(O)c2cc(F)cc3c2n(c1=O)C(C)CC3,5.84,1,0.0,1
CHEMBL4472879,O=C(N[C@H]1C[C@@H]1c1ccccc1)[C@@H]1CN(C(=O)c2ccc(C(=O)N3C[C@@H](C(=O)N[C@H]4C[C@@H]4c4ccccc4)[C@H](C(=O)N[C@H]4C[C@@H]4c4ccccc4)C3)cc2)C[C@H]1C(=O)N[C@H]1C[C@@H]1c1ccccc1,8.89,2,2.14,1
DECOY,O=C1OC2(c3cc(Br)c(O)c(Br)c3Oc3c2cc(Br)c(O)c3Br)c2c(Cl)c(Cl)c(Cl)c(Cl)c21,0.0,0,0.0,0
DECOY,COc1ccc(Oc2ncc3nc(-c4ccc(F)cc4)c(=O)n(Cc4cccs4)c3n2)cc1,0.0,0,0.0,0
DECOY,CC(C)(C)OC(=O)N1CCC(c2ccc(Nc3nc4c(-c5ccc(F)cc5)cccn4n3)cc2)CC1,0.0,0,0.0,0
DECOY,Cn1cc(C2=C(Nc3cccc(OCCNc4ccnc(F)c4)c3)C(=O)NC2=O)c2ccccc21,0.0,0,0.0,0
DECOY,NS(=O)(=O)c1cccc(NS(=O)(=O)C(F)(F)C(F)(F)C(F)(F)C(F)(F)C(F)(F)C(F)(F)C(F)(F)C(F)(F)F)c1,0.0,0,0.0,0
DECOY,ClC1=C(Cl)C2(Cl)C3C4CC(C5OC45)C3C1(Cl)C2(Cl)Cl,0.0,0,0.0,0
DECOY,CN(Cc1ccco1)c1ncnc2ccc(-c3cccc(NS(C)(=O)=O)c3)cc12,0.0,0,0.0,0
DECOY,CCCOCCn1c(=O)c(NCCN2CCOCC2)nc2ccc(-c3ccc(OC)nc3)cc21,0.0,0,0.0,0
DECOY,CN1CCc2c(c3ccc(-n4ccc(OCc5ccccc5)cc4=O)cc3n2C)C1,0.0,0,0.0,0
DECOY,CCN1Cc2nc3ccccc3c(NCc3ccc(OC)c(Cl)c3)c2C1=O,0.0,0,0.0,0
DECOY,O=C(NCc1ccccn1)c1c2n(c3c(N4CCN(CCc5ccc(F)c(F)c5)CC4)ncnc13)CCCC2,0.0,0,0.0,0
DECOY,COc1cccc(CNC[C@@H](O)[C@H](Cc2ccccc2)NC(=O)c2cc(C(=O)N[C@H](C)c3ccccc3)cc(N(C)S(C)(=O)=O)c2)c1,0.0,0,0.0,0
DECOY,COC(=O)c1ccc(C(NC(=O)OCc2ccccc2)/C(C)=C/[C@@H](C)C(=O)NCCc2c[nH]c3ccc(OC)cc23)cc1,0.0,0,0.0,0
DECOY,NS(=O)(=O)c1ccc(N/C(S)=N\c2ccc(-c3c4ccc(=O)cc-4oc4cc(O)ccc34)c(C(=O)O)c2)cc1,0.0,0,0.0,0
DECOY,C[C@H](CCC(=O)Nc1ccc(S(N)(=O)=O)cc1Cl)[C@H]1CC[C@H]2[C@@H]3C(=O)C[C@@H]4CC(=O)CC[C@]4(C)[C@H]3CC(=O)[C@]12C,0.0,0,0.0,0
DECOY,CCOc1nc2c(n1Cc1ccc(OC)cc1)C(=O)N(CC)C1=N[C@@H]3CCC[C@@H]3N12,0.0,0,0.0,0
DECOY,CN(Cc1c2c(=O)n(-c3ccccc3Cl)[nH]c2cc(=O)n1Cc1ccncc1)c1ccccc1,0.0,0,0.0,0
DECOY,CCCc1nn(C)c2c(=O)[nH]c(-c3cc(C4CCC(C(=O)NO)CC4)ccc3OCC)nc12,0.0,0,0.0,0
DECOY,COC(=O)[C@@]1(Cc2ccc(F)cc2)[C@H]2c3cc(C(=O)N4CCCC4)n(CCF)c3C[C@H]2CN1C(=O)c1ccccc1,0.0,0,0.0,0
DECOY,COc1ccc(C2=NN(Cc3ccccc3)C(=O)CC2)c2cc(C(C)C)nn12,0.0,0,0.0,0
DECOY,COc1ccc(C2CC(c3ccccc3C)=NN2c2ccc(C(=O)O)cc2)cc1,0.0,0,0.0,0
DECOY,NS(=O)(=O)c1ccc(CCNC(=O)Nc2ccc(Cl)c(Cl)c2)cc1,0.0,0,0.0,0
DECOY,O=C(CCc1ccccc1)N1Cc2c(nc3ccccc3c2O)C1c1ccc2c(c1)OCO2,0.0,0,0.0,0
DECOY,C[C@](O)(c1ccc(Nc2nn([C@H]3CC[C@H](N4CCC4)C[C@@H]3C#N)cc2C(N)=O)cc1)C(F)(F)F,0.0,0,0.0,0
DECOY,COc1ccc2c(NCc3nnc4ccc(-c5ccccc5)nn34)ccnc2c1,0.0,0,0.0,0
DECOY,CN(C)CC#Cc1c(Oc2ccc(NC(=O)NC(=O)Cc3ccc(F)cc3)cc2F)ccnc1N,0.0,0,0.0,0
DECOY,CCN1C(=O)c2c(nc(Cc3ccccc3)n2Cc2ccc(OC)cc2)N2C1=N[C@@H]1CCC[C@@H]12,0.0,0,0.0,0
DECOY,COc1ncccc1-c1cccn2nc(Nc3ccc(C4CCN(CC(=O)N(C)C)CC4)cc3)nc12,0.0,0,0.0,0
DECOY,CN1CCN(C(=O)c2ccc3c(c2)[nH]c2c(C(N)=O)cc(-c4ccc(Cl)c(Cl)c4)cc23)CC1,0.0,0,0.0,0
DECOY,O=C(N[C@H]1c2ccccc2OC[C@H]1O)[C@H](Cc1cccnc1)C[C@H](O)CN1CCN(Cc2ccc(-c3ccccc3)o2)C[C@H]1C(=O)NCC(F)(F)F,0.0,0,0.0,0
DECOY,NS(=O)(=O)c1ccc(CCOC(=O)C(F)(F)C(F)(F)C(F)(F)C(F)(F)C(F)(F)C(F)(F)C(F)(F)C(F)(F)F)cc1,0.0,0,0.0,0
DECOY,CCC(N)(C#Cc1cnc(N)c2c(-c3ccc(NC(=O)Nc4cccc(C)c4)cc3)csc12)CC,0.0,0,0.0,0
DECOY,COc1ccc(N2C(=O)[C@@H](Cc3cccc(OCCc4nc(-c5ccccc5)oc4C)c3)[C@H]2C(=O)O)cc1,0.0,0,0.0,0
DECOY,NC(=O)c1nc(-c2cccc(-c3ccccc3OC(F)(F)F)c2)cs1,0.0,0,0.0,0
DECOY,C[C@@H](O)CN1CCN(c2cccc(Nc3nc4c(-c5ccc(S(C)(=O)=O)cc5)cccn4n3)c2)CC1,0.0,0,0.0,0
DECOY,Cc1cc(OC[P@@]2(=O)OCC[C@@H](c3ccccn3)O2)c2c(c1C)Cc1scnc1-2,0.0,0,0.0,0
DECOY,C[C@H]1C[C@H](Nc2ncccc2-c2cnc3[nH]ccc3n2)CN(C2(CC#N)COC2)C1,0.0,0,0.0,0
DECOY,NC(=O)c1cnc(NC2CCCCC2)c2c1[nH]c1cc(-c3ccn[nH]3)ccc12,0.0,0,0.0,0
DECOY,O=C(Nc1cccc(C(F)(F)F)n1)Nc1ccnc2cc(F)c(F)cc12,0.0,0,0.0,0
DECOY,COc1cc(C2=NC(c3ccc(Cl)cc3F)C(C(=O)Nc3cc4cn[nH]c4cc3F)=C(C)N2)ccn1,0.0,0,0.0,0
DECOY,CCCCNC(=O)c1ccc(N2N=C(c3ccccc3)CC2c2ccc(OC)cc2)cc1,0.0,0,0.0,0
DECOY,CCCc1nn(C)c2c(=O)[nH]c(-c3cc([C@H]4CC[C@H](C(=O)NO)CC4)ccc3OCC)nc12,0.0,0,0.0,0
DECOY,CC(C)=CCc1c2c(c3occ(-c4ccc(O)c(O)c4)c(=O)c3c1O)C=CC(C)(C)O2,0.0,0,0.0,0
DECOY,CCN[C@@H](C)[C@@H]1CCN(S(=O)(=O)CC2CCC(N(C)c3ncnc4[nH]ccc34)CC2)C1,0.0,0,0.0,0
DECOY,O=C(NC1CCN(Cc2ccn(-c3ccc(C(F)(F)F)cc3)c2)CC1)NC(Cc1cnccn1)c1ccccc1,0.0,0,0.0,0
DECOY,Cn1nc(C(F)(F)F)cc1-c1nc(-c2nn(Cc3ccccc3F)c3ncccc23)nc2c1C(C)(C)C(=O)N2,0.0,0,0.0,0
DECOY,Cc1ccc(C(F)(F)F)cc1-c1[nH]c(-c2ccnc(N)n2)cc1C(N)=O,0.0,0,0.0,0
DECOY,CC1(CNC(=O)[C@H]2CC[C@H](n3cc(C(N)=O)c(Nc4ccc(Cl)cc4)n3)[C@@H](C#N)C2)COC1,0.0,0,0.0,0
DECOY,CCCOc1ccc(S(=O)(=O)N2CCN(CC)CC2)cc1-c1nc(O)c2cc3c(cc2n1)ncn3Cc1ccccc1Cl,0.0,0,0.0,0
DECOY,CC(C)(C)NC(=O)[C@@H]1C[C@@H]2CCCC[C@@H]2CN1C[C@@H](O)[C@H](Cc1ccccc1)NC(=O)[C@H](CC(N)=O)NC(=O)c1ccc2ccccc2n1,0.0,0,0.0,0
DECOY,CCN(CC(Cc1ccc(OCc2ccccc2)cc1)NC(=O)OCc1cncs1)CC(Cc1ccc(OCc2ccccc2)cc1)NC(=O)OCc1nccs1,0.0,0,0.0,0
DECOY,COc1ccc(O[C@H]2C=C[C@@H](c3ccccc3)O[C@@H]2CO/N=C(\C)CCN2CCCc3nc(C)c(C)cc32)cc1,0.0,0,0.0,0
DECOY,C[C@H](CCC(=O)Nc1c(S(N)(=O)=O)cc(S(N)(=O)=O)c(Cl)c1Cl)[C@H]1CC[C@H]2[C@@H]3[C@H](O)C[C@@H]4C[C@H](O)CC[C@]4(C)[C@H]3CC[C@]12C,0.0,0,0.0,0
DECOY,CO[C@@H]1[C@H](N(C)C(=O)c2ccccc2)C[C@H]2O[C@]1(C)n1c3ccccc3c3c4c(c5c6ccccc6n2c5c31)C(=O)N[C@H]4O,0.0,0,0.0,0
DECOY,CC(C)c1nc(COC(=O)N[C@H](C(=O)N[C@@H](Cc2ccccc2)[C@H](O)CN2CCN(Cc3cncs3)C[C@H]2C(=O)NC(C)(C)C)C(C)C)cs1,0.0,0,0.0,0
DECOY,NS(=O)(=O)c1ccc(Nc2ccnc(NS(=O)(=O)C(F)(F)C(F)(F)C(F)(F)C(F)(F)F)n2)cc1,0.0,0,0.0,0
DECOY,c1ccc(-c2ccc(CN3C[C@@H]4C(c5ccccc5)C5(c6cccnc6)CC4(C5)[C@H]3c3ccccc3)cc2)cc1,0.0,0,0.0,0
DECOY,CCOC(=O)Cn1cc(-c2ccc(-c3nc(-c4ccc(F)cc4)c(-c4cc[nH]c(=O)c4)[nH]3)cc2)nn1,0.0,0,0.0,0
DECOY,CN1CCN(c2cccc(Nc3nc4cncc(-c5ccc(S(C)(=O)=O)cc5)n4n3)c2)CC1,0.0,0,0.0,0
DECOY,Cn1nc(-c2ccc(Cl)cc2)s/c1=N\c1cccc(C(=O)O)c1O,0.0,0,0.0,0
DECOY,N#C[C@H]1C[C@@H](C(=O)N2CC3(CCC3)C2)CC[C@@H]1n1cc(C(N)=O)c(Nc2ccc(Cl)cc2)n1,0.0,0,0.0,0
DECOY,CCCN1CC(CSC)C[C@H]2c3cccc4[nH]cc(c34)C[C@H]21.CS(=O)(=O)O,0.0,0,0.0,0
DECOY,CCOc1ccc(C(F)(F)F)cc1-c1cccn2nc(Nc3ccc4c(c3)CCNCC4)nc12,0.0,0,0.0,0
DECOY,COc1cc(Nc2nc3cccc(-c4ccccc4)c3o2)cc(OC)c1OC,0.0,0,0.0,0
DECOY,C[C@H](CCC(=O)NCCC(=O)Nc1nnc(S(N)(=O)=O)s1)[C@H]1CC[C@H]2[C@@H]3[C@H](O)C[C@@H]4C[C@H](O)CC[C@]4(C)[C@H]3CC[C@]12C,0.0,0,0.0,0
DECOY,Cc1cc(SCC(=O)N/N=C/c2ccc(O)c(O)c2)c(C)cc1Br,0.0,0,0.0,0
DECOY,Nc1nccc(Oc2ccc(NC(=O)c3cccn(-c4ccc(F)cc4)c3=O)cc2F)c1Cl,0.0,0,0.0,0
DECOY,Cc1c(-c2cccc(OCCCC(=O)O)c2)c(=O)n(C[C@H](N)c2ccccc2)c(=O)n1Cc1c(F)cccc1C(F)(F)F,0.0,0,0.0,0
DECOY,CCN1C(=O)c2c(nc(Br)n2Cc2ccc(O)cc2)N2C[C@@H](Cc3ccccc3)N=C12,0.0,0,0.0,0
DECOY,COc1ccc(-c2cccn3nc(Nc4ccc(C5CCNCC5)cc4)nc23)c(F)c1,0.0,0,0.0,0
DECOY,CC(C)(C)c1cc(Nc2ccc(Cl)cc2Cl)ncc1C(=O)NCC1CCOCC1,0.0,0,0.0,0
DECOY,CCCCN1C(=O)[C@H]2Cc3c([nH]c4ccccc34)[C@H](c3ccc(OC)cc3)N2C1=O,0.0,0,0.0,0
DECOY,O=c1[nH]c2cnc(-n3cnc4ccc(C(F)(F)F)cc43)nc2n1C1CCOCC1,0.0,0,0.0,0
DECOY,C[N+]1(C2CC[C@H](n3cc(C(N)=O)c(Nc4ccc(Cl)cc4)n3)[C@@H](C#N)C2)CCC1,0.0,0,0.0,0
DECOY,COc1cccc(Cn2nc(-c3nnc4c(n3)NC(=O)C4(C)C)c3cc(F)cnc32)c1F,0.0,0,0.0,0
DECOY,C[C@H](CCC(=O)Nc1ccccc1S(N)(=O)=O)[C@H]1CC[C@H]2[C@@H]3[C@@H](O)C[C@@H]4C[C@H](O)CC[C@]4(C)[C@H]3CC[C@]12C,0.0,0,0.0,0
DECOY,N#C[C@H]1C[C@@H](OCC2CC2)CC[C@@H]1n1cc(C(N)=O)c(Nc2ccc(F)cc2)n1,0.0,0,0.0,0
DECOY,CS(=O)(=O)N(c1ccccc1)c1cc(C(=O)N[C@@H](Cc2ccccc2)[C@H](O)CNCc2cccc(C(F)(F)F)c2)cc(C2CCCC2)c1,0.0,0,0.0,0
DECOY,CC(C)(C)N1CC(COc2ccc3cc(S(N)(=O)=O)sc3c2)OC1=O,0.0,0,0.0,0
DECOY,Cc1cc2c(cc1C)N(CC(=O)N1CCCC(c3ccccc3)C1CN1CCCC1)C(=O)CO2,0.0,0,0.0,0
DECOY,Cc1ccc(NC(=O)c2cccc(C(F)(F)F)c2)cc1N1CCc2nc(Nc3ccc(C(=O)NC4CCN(C)CC4)nc3)ncc2C1,0.0,0,0.0,0
DECOY,N#C[C@H]1C[C@@H](N2CC(O)(C(F)(F)F)C2)CC[C@@H]1n1cc(C(N)=O)c(Nc2ccc(C(F)(F)F)cc2)n1,0.0,0,0.0,0
DECOY,Oc1ccccc1OCCOc1ccccc1OCCOc1ccccc1O,0.0,0,0.0,0
DECOY,CC(C)S(=O)(=O)n1c(N)nc2ccc(-c3[nH]cnc3-c3ccccc3)cc21,0.0,0,0.0,0
DECOY,NS(=O)(=O)c1cccc(N/C(S)=N\c2ccc(-c3c4ccc(=O)cc-4oc4cc(O)ccc34)c(C(=O)O)c2)c1,0.0,0,0.0,0
DECOY,CCCOc1ccc(-c2csc(C)n2)cc1-c1nc2c(c(C)nn2C)c(=O)[nH]1,0.0,0,0.0,0
DECOY,O=C(/C=C/c1ccc(O)c(O)c1)c1ccc(S(=O)(=O)N2CCCCCC2)cc1,0.0,0,0.0,0
DECOY,NS(=O)(=O)c1ccc(Nc2nc(Oc3ccccc3)nc(Oc3ccccc3)n2)cc1,0.0,0,0.0,0
DECOY,O=C(c1ccc(-c2ccsc2)o1)N1Cc2c(nc3ccccc3c2O)C1c1ccc2c(c1)OCO2,0.0,0,0.0,0
DECOY,C[C@H](Nc1ccc(C(N)=O)c2[nH]c3cc(-c4ccc(N)nn4)ccc3c12)C(C)(C)C,0.0,0,0.0,0
DECOY,CCN1Cc2nc3ccc(OC)cc3c(NCc3ccc(OC)c(Cl)c3)c2C1=O,0.0,0,0.0,0
DECOY,COCCN(CC(=O)N(C)C(CN1CCCC1)c1ccc(-c2ccc(C(N)=O)cc2)cc1)c1ccc(Cl)c(Cl)c1,0.0,0,0.0,0
DECOY,N#C[C@H]1C[C@@H](C(=O)NC2CC(F)(F)C2)CC[C@@H]1n1cc(C(N)=O)c(Nc2ccc(Cl)cc2)n1,0.0,0,0.0,0
DECOY,Cc1cccc(NC(=O)Nc2ccc(-c3csc4c(-c5cn[nH]c5)cnc(N)c34)cc2)c1,0.0,0,0.0,0
DECOY,CC(C)(C(=O)NO)c1csc(NC(=O)c2cccc(COc3ccccc3)n2)n1,0.0,0,0.0,0
DECOY,CCOc1ccc(C[C@H]2CC[C@H](C(=O)NO)CC2)cc1-c1nc2c(CC)nn(C)c2c(=O)[nH]1,0.0,0,0.0,0
DECOY,CCNC(=O)c1cnc(N)c2cc(-c3ccc(N4CCOCC4)cc3)sc12,0.0,0,0.0,0
DECOY,CCCOCCn1c(=O)c(NCc2cnccn2)nc2cnc(-c3ccc(OC)nc3)cc21,0.0,0,0.0,0
DECOY,COc1cc2c(NCCc3ccc4c(c3)OCO4)ncnc2c(OC)c1OC,0.0,0,0.0,0
DECOY,CCCc1nn(C)c2c(=O)[nH]c(-c3cc(N(C)C4CCN(c5ncc(C(=O)NO)cn5)CC4)ccc3OCC)nc12,0.0,0,0.0,0
DECOY,Cc1ccc(NC(=O)c2cccc(C(F)(F)F)c2)cc1N1CCc2nc(Nc3ccc(C(=O)N4CCCC4)cc3)ncc2C1,0.0,0,0.0,0
DECOY,CN(c1ncnc2[nH]ccc12)[C@H]1CC[C@H](CS(=O)(=O)N2CCC[C@H](C#N)C2)CC1,0.0,0,0.0,0
DECOY,C[C@H](CCC(=O)OCCOc1ccc2nc(S(N)(=O)=O)sc2c1)[C@H]1CC[C@H]2[C@@H]3[C@@H](O)C[C@@H]4C[C@H](O)CC[C@]4(C)[C@H]3CC[C@]12C,0.0,0,0.0,0
DECOY,CC(=O)O[C@@]1(C(C)=O)CCC2C3C=C(Cl)C4=CC(=O)CC[C@]4(C)C3CC[C@]21C,0.0,0,0.0,0
DECOY,Cn1nccc1-c1nc(-c2nn(Cc3ccccc3F)c3ncccc23)nc2c1C(C)(C)C(=O)N2,0.0,0,0.0,0
DECOY,CCC(C)c1nc2c(=O)n(Cc3ccccc3)nc(C)c2c2cc(-c3ccccn3)nn12,0.0,0,0.0,0
DECOY,O=C(Oc1ccccc1)N1CCC2(CCCN(Cc3ccccc3)C2)CC1,0.0,0,0.0,0
DECOY,CNc1nnc(-c2cn3ncnc(Nc4cc(C(=O)NC5CC5)c(F)cc4F)c3c2C(C)C)o1,0.0,0,0.0,0
DECOY,O=C(NC1CCN(Cc2ccn(-c3ccc(C(F)(F)F)cc3)c2)CC1)N[C@H](CO)c1ccccc1,0.0,0,0.0,0
DECOY,CN(C)c1nccc2c1c1ncnc(N3CCN(CCc4ccc(F)c(F)c4)CC3)c1n2C,0.0,0,0.0,0
DECOY,CC/C=C\CC[C@H](OC(=O)c1ccc(Br)cc1)C1=CCCCC1=O,0.0,0,0.0,0
DECOY,CCn1c(=O)c2c(nc(NC3CCCCC3)n2Cc2ccc(OC)c(C)c2)n(CC)c1=O,0.0,0,0.0,0
DECOY,O=C(Nc1cccc(F)c1)N1CCCC2(CCN(C(=O)c3ccco3)CC2)C1,0.0,0,0.0,0
DECOY,C[C@H](O)CN1CCC(c2ccc(Nc3ncc4ccc(-c5ccccc5N(C)S(C)(=O)=O)n4n3)cc2)CC1,0.0,0,0.0,0
DECOY,CC(C)(C)NS(=O)(=O)c1ccc(-c2cc3c(N)ncc(C(=O)NCCN4CCCCC4)c3s2)cc1,0.0,0,0.0,0
DECOY,Cl.Cl.c1ccc2c(NCC3CCCCC3)nc(-n3ccnc3)nc2c1,0.0,0,0.0,0
DECOY,COC(=O)c1ccc(-c2ccc(C(=O)N3Cc4c(nc5ccccc5c4O)C3c3ccc4c(c3)OCO4)o2)cc1,0.0,0,0.0,0
DECOY,N#C[C@H]1C[C@H](N[C@H](C2CC2)C(F)(F)F)CC[C@@H]1n1cc(C(N)=O)c(Nc2ccc(C(F)(F)F)cc2)n1,0.0,0,0.0,0
DECOY,CCc1ccc([C@H]2c3[nH]c4ccccc4c3C[C@H]3C(=O)N(C)CC(=O)N23)s1,0.0,0,0.0,0
DECOY,Cc1cc2c(nc1C)CCCCN2C[C@H](C)O/N=C\[C@@H](C)[C@H](OCc1ccccc1)C(C)C,0.0,0,0.0,0
DECOY,COc1cnc2c(NCc3nnc4ccc(-c5ccccc5)nn34)ccnc2c1,0.0,0,0.0,0
DECOY,CCCOc1ccccc1-c1nc2c(c(C)nn2Cc2ccccc2)c(=O)[nH]1,0.0,0,0.0,0
DECOY,CC(C)(C)Nc1c(Nc2ccnc(Nc3ccc(-c4ccncc4)cc3)n2)c(=O)c1=O,0.0,0,0.0,0
DECOY,CC(N[C@H]1CC[C@H](n2cc(C(N)=O)c(Nc3ccc(S(=O)(=O)C(F)(F)F)cc3)n2)[C@@H](C#N)C1)C1CC1,0.0,0,0.0,0
DECOY,CC(C)(C)OC(=O)N[C@H](Cc1ccccc1OC(F)(F)F)C(=O)NCc1nc2cccnc2n1C1(c2ccccc2)CC1,0.0,0,0.0,0
DECOY,c1cc(-c2ccc3[nH]ccc3c2)nc(Nc2ccc(N3CCOCC3)cc2)n1,0.0,0,0.0,0
DECOY,CCc1cc(C(C)=O)c(O)cc1OCc1cccc(C(=O)NCCCCCCCC(=O)NO)n1,0.0,0,0.0,0
DECOY,Cc1ccc2c(N)noc2c1-c1ccc2c(N3CCOC[C@@H]3C)nncc2c1,0.0,0,0.0,0
DECOY,CCCOc1ncc(C(C)=O)cc1-c1nc(O)c2nn(C3CN(C)C3)c(CC)c2n1,0.0,0,0.0,0
DECOY,COc1cc2c(cc1OC)[C@@H]1C(=O)c3ccc4c(c3OC1CO2)CC(C(C)C)O4,0.0,0,0.0,0
DECOY,O=P(O)(O)CC[C@H]1C2CCC(CC2)[C@@H]1Nc1nc(-c2c[nH]c3ncc(F)cc23)ncc1F,0.0,0,0.0,0
DECOY,CCOc1cc2cc(CO)c(CO)c(C3=CCN(CCOC)C(=O)C3)c2cc1OC,0.0,0,0.0,0
DECOY,COc1cc(OC)c(C(=O)CCCCN2CCC3(CC2)NC(=O)NC3=O)cc1NS(=O)(=O)c1ccc(C(F)(F)F)cc1,0.0,0,0.0,0
DECOY,CCCOCCn1c(=O)c(NCc2ccccn2)nc2cnc(-c3ccc(OC)nc3)cc21,0.0,0,0.0,0
DECOY,CC(C)c1nc(COC(=O)N[C@H](C(=O)N[C@@H](Cc2ccccc2)[C@H](O)CN2CCN(Cc3cccnc3)C[C@H]2C(=O)NC(C)(C)C)C(C)C)cs1,0.0,0,0.0,0
DECOY,CN1CCN(c2cccc(Nc3nc4c(NCc5ccc(F)cc5)cccn4n3)c2)CC1,0.0,0,0.0,0
DECOY,CCC1=C(OC(=O)N(CC)CC)N2C(=O)O/C(=N\CCOC)[C@]2(C)[C@H]2C1=CC[C@H]1C(=O)N(C)C(=O)[C@H]12,0.0,0,0.0,0
DECOY,COc1cc(F)c(CC(=O)N2CCN(c3nc(Nc4cc(C)n[nH]4)c4cccn4n3)CC2)c(F)c1,0.0,0,0.0,0
DECOY,Cc1ccc2c3c(ccc2n1)OC[C@H](CN1CCN(c2ccc4cc(C#N)ccc4n2)CC1)O3,0.0,0,0.0,0
DECOY,O=C(CCCCCCN1CC(=O)N2[C@H](CC3c4ccccc4NC3[C@H]2c2ccc(Br)cc2)C1=O)NO,0.0,0,0.0,0
DECOY,O=C1[C@H]2Cc3c([nH]c4ccccc34)[C@@H](c3ccc4c(c3)OCO4)N2C(=O)CN1[C@@H]1CCN(CCc2cccnc2)C1,0.0,0,0.0,0
DECOY,Cc1nc2cc(OC[C@H](O)CN3CCN(CC(=O)Nc4c(C)cccc4C)CC3)ccc2s1,0.0,0,0.0,0
DECOY,CN1CCN(c2ccc(Nc3nc4c(OCc5ccccc5N(C)S(C)(=O)=O)cccn4n3)cc2)CC1,0.0,0,0.0,0
DECOY,COc1cccc(Cn2nc(C)c3c(nc(C)n4nc(-c5ccccc5)cc34)c2=O)c1,0.0,0,0.0,0
DECOY,Cc1cc(C2=NC(C)CN2)cc2[nH]c(-c3c(NCC(O)c4cccc(Cl)c4)cc[nH]c3=O)nc12,0.0,0,0.0,0
DECOY,COc1cccc(-c2c(C)n(Cc3c(F)cccc3C(F)(F)F)c(=O)n(C[C@H](N)c3ccccc3)c2=O)c1F,0.0,0,0.0,0
DECOY,COc1ccccc1-c1cccn2nc(Nc3ccc4c(c3)CCN(CCS(C)(=O)=O)CC4)nc12,0.0,0,0.0,0
DECOY,O=C1NN(c2ccccc2)C(=O)/C1=C\c1cc(Cl)ccc1OCc1ccccc1,0.0,0,0.0,0
DECOY,C[C@H](CCC(=O)NNc1ccc(S(N)(=O)=O)cc1)[C@H]1CC[C@H]2[C@@H]3[C@@H](O)C[C@@H]4C[C@H](O)CC[C@]4(C)[C@H]3CC[C@]12C,0.0,0,0.0,0
DECOY,Br.Oc1ccc(-c2ccc3c(c2)CCC=C3c2ccncc2)cc1F,0.0,0,0.0,0
DECOY,Cc1ccc2occ(/C=N/Cc3ccc(S(N)(=O)=O)cc3)c(=O)c2c1.Cc1ccc2occ(/C=N/Cc3ccc(S(N)(=O)=O)cc3)c(=O)c2c1.Cl.Cl.[Zn+2],0.0,0,0.0,0
DECOY,O=c1c(NCC2CCOCC2)nc2ccc(-c3cnc(O)nc3)nc2n1CC1CCCCC1,0.0,0,0.0,0
DECOY,C[C@H]1CN(Cc2ccc(CC(=O)N3CCC(Nc4ccc(F)cc4)CC3)cc2)CCN1,0.0,0,0.0,0
DECOY,CCCOc1ccc(S(=O)(=O)N2CCN(CC)CC2)cc1-c1nc(O)c2cc3c(cc2n1)ncn3Cc1ccccc1OC,0.0,0,0.0,0
DECOY,CCCc1[nH]cnc1CNc1cc(Cl)c2ncc(C#N)c(Nc3ccc(F)c(Cl)c3)c2c1,0.0,0,0.0,0
DECOY,Cc1nn(Cc2ccccc2)c(=O)c2nc(CCCC(=O)O)n3nc(-c4ccccc4)cc3c12,0.0,0,0.0,0
DECOY,Cc1nc2cc(OC[C@H](O)CN3CCN(CC(=O)Nc4cccc(-c5ccccc5)c4)CC3)ccc2s1,0.0,0,0.0,0
DECOY,CC(=O)NCCc1ccc(Cl)c(CN(C(=O)[C@H]2CNCC[C@@H]2c2ccc(OCCOc3c(Cl)cc(C)cc3Cl)cc2)C2CC2)c1,0.0,0,0.0,0
DECOY,CCCCCCOc1ccc(S(=O)(=O)N2CCN(C)CC2)cc1-c1nc(C(C)C)c(Br)c(=O)[nH]1,0.0,0,0.0,0
DECOY,CCCOCCn1c(=O)nc(N[C@@H]2CCCC[C@H]2C(=O)O)c2nnc(-c3ccc(OC)nc3)cc21,0.0,0,0.0,0
DECOY,C[C@@H](C(=O)O)[C@H]1C[C@]1(C)[C@H](NC(=O)OCc1ccccc1)c1ccccc1,0.0,0,0.0,0
DECOY,Cc1cc(Nc2cc(N3CCN(C)CC3)nc(Sc3ccc(NC(=O)C4CC4)cc3)n2)n[nH]1,0.0,0,0.0,0
DECOY,O=c1c2c(F)cc(Br)cc2oc2c(Cc3ccc4c(c3)OCO4)[nH]c(-c3nccs3)c12,0.0,0,0.0,0
DECOY,CCc1cc(C(C)=O)c(O)cc1OCc1cccc(C(=O)NC(C)C(=O)O)c1,0.0,0,0.0,0
DECOY,O=S(=O)(NO)C(F)(F)C(F)(F)C(F)(F)C(F)(F)C(F)(F)C(F)(F)C(F)(F)C(F)(F)F,0.0,0,0.0,0
DECOY,CCCCOc1ncc(C(C)=O)cc1-c1nc(O)c2nn(C3CCN(C)CC3)c(CC)c2n1,0.0,0,0.0,0
DECOY,C[C@H](CCC(=O)Nc1ccccc1S(N)(=O)=O)[C@H]1CC[C@H]2[C@@H]3[C@H](O)C[C@@H]4C[C@H](O)CC[C@]4(C)[C@H]3CC[C@]12C,0.0,0,0.0,0
DECOY,NC(=O)c1cc(-c2ccc(Cl)c(Cl)c2)cc2c1[nH]c1ccc(C(=O)N3CCOCC3)cc12,0.0,0,0.0,0
DECOY,COc1cc(-c2cnc3cccc(-c4ccc(C(=O)N5CCOCC5)cc4)c3n2)cc(OC)c1OC,0.0,0,0.0,0
DECOY,NC(=O)c1cc(Cc2ccccc2)cc2c1[nH]c1ccc(C(=O)N3CCOCC3)cc12,0.0,0,0.0,0
DECOY,Cc1nc2c(cc1F)c(-c1nnc3c(n1)NC(=O)C3(C)C)nn2Cc1ccccc1F,0.0,0,0.0,0
DECOY,COc1ccc(CNc2nc(OCc3ccccn3)ncc2C(=O)NCCN2CCOCC2)cc1Cl,0.0,0,0.0,0
DECOY,CC(C)=CCc1c(O)c2c(c3c1OC(C)(C)C=C3)CC=C(c1ccc3c(c1)OCCO3)C2=O,0.0,0,0.0,0
DECOY,CCc1cc(/C=C2\CC/C(=C\c3cc(CC)c(O)c(CC)c3)C2=O)cc(CC)c1O,0.0,0,0.0,0
DECOY,COc1cc(-c2ccc3c(c2)Nc2ccc(CCOc4ccc(N5CCOCC5)cc4)cc2NC3=O)ccc1CC#N,0.0,0,0.0,0
DECOY,C[C@H](CCC(=O)/N=c1\sc(S(N)(=O)=O)nn1C)[C@H]1CC[C@H]2[C@@H]3[C@@H](O)C[C@@H]4C[C@H](O)CC[C@]4(C)[C@H]3CC[C@]12C,0.0,0,0.0,0
DECOY,COC(=O)[C@H]1C[C@@H]1[C@H](NS(=O)(=O)c1ccc2ccccc2c1)c1ccccc1,0.0,0,0.0,0
DECOY,CCOc1ccc(Cl)cc1-c1cccn2nc(Nc3ccc4c(c3)CCNCC4)nc12,0.0,0,0.0,0
DECOY,COC(=O)c1cccc(C23CC4(C2)[C@H](CN(CC2CCCCC2)[C@@H]4c2ccccc2)C3c2ccc(Cl)nc2)c1,0.0,0,0.0,0
DECOY,COC(=O)c1ccccc1OCc1nc2c(cnn2-c2ccccc2)c(=O)[nH]1,0.0,0,0.0,0
DECOY,C[C@H](CCC(=O)Nc1ccc(S(N)(=O)=O)cc1Br)[C@H]1CC[C@H]2[C@@H]3[C@H](O)C[C@@H]4C[C@H](O)CC[C@]4(C)[C@H]3C[C@H](O)[C@]12C,0.0,0,0.0,0
DECOY,NS(=O)(=O)c1ccc(Nc2ccnc(NS(=O)(=O)c3c(F)c(F)c(F)c(F)c3F)n2)cc1,0.0,0,0.0,0
DECOY,Cc1cc(N2CCC(N(C)C)CC2)cc2[nH]c(-c3c(NC[C@@H](O)c4cccc(Cl)c4)cc[nH]c3=O)nc12,0.0,0,0.0,0
DECOY,N#Cc1ccc2cc1Oc1ccc3cccc(c3c1)N1CC[C@H](NCc3cncn3C2)C1=O,0.0,0,0.0,0
DECOY,CC(=O)N1CCC(C(=O)N2C[C@H](C(=O)N(C)Cc3cc(C(F)(F)F)cc(C(F)(F)F)c3)[C@@H](c3ccccc3)C2)CC1,0.0,0,0.0,0
DECOY,C[C@H](CCC(=O)NCCc1ccc(S(N)(=O)=O)cc1)[C@H]1CC[C@H]2[C@@H]3CC[C@@H]4C[C@H](O)CC[C@]4(C)[C@H]3C[C@H](O)[C@]12C,0.0,0,0.0,0
DECOY,Cc1cc(C)cc(O[C@H](C(=O)O)[C@@]2(c3ccccc3)NCC(=O)N(Cc3c(F)cc(F)cc3F)c3ccccc32)c1,0.0,0,0.0,0
DECOY,C[C@@H](Oc1cc(-n2cnc3cc(-c4ccc(NC5CCN(C)CC5)nc4)ccc32)sc1C(N)=O)c1ccccc1Cl,0.0,0,0.0,0
